title,sell_price,rating,num_ratings,orig_price
BlackZone B310,₹859,3.8,"3,258 Ratings & 260 Reviews",
ANGAGE A2163,₹768,3.8,113 Ratings & 24 Reviews,
"APPLE iPhone 13 (Starlight, 128 GB)","₹65,999",4.7,"1,59,295 Ratings & 8,650 Reviews","₹69,900"
"realme 9 (Stargaze White, 128 GB)","₹16,999",4.4,"46,338 Ratings & 3,315 Reviews","₹20,999"
"vivo T1 5G (Starlight Black, 128 GB)","₹16,990",4.4,"1,42,172 Ratings & 11,881 Reviews","₹20,990"
"realme 9 (Meteor Black, 128 GB)","₹16,999",4.4,"46,338 Ratings & 3,315 Reviews","₹20,999"
"realme 9 (Sunburst Gold, 128 GB)","₹16,999",4.4,"46,338 Ratings & 3,315 Reviews","₹20,999"
"APPLE iPhone 13 (Midnight, 128 GB)","₹65,999",4.7,"1,59,295 Ratings & 8,650 Reviews","₹69,900"
"vivo T1 5G (Rainbow Fantasy, 128 GB)","₹15,990",4.3,"53,099 Ratings & 4,331 Reviews","₹19,990"
"vivo T1 5G (Rainbow Fantasy, 128 GB)","₹16,990",4.4,"1,42,172 Ratings & 11,881 Reviews","₹20,990"
"POCO M4 Pro 5G (Cool Blue, 128 GB)","₹16,999",4.2,"33,358 Ratings & 3,062 Reviews","₹19,999"
"vivo T1 44W (Starry Sky, 128 GB)","₹14,499",4.4,"63,470 Ratings & 4,693 Reviews","₹19,990"
"realme 9 (Sunburst Gold, 128 GB)","₹17,999",4.4,"15,580 Ratings & 1,231 Reviews","₹22,999"
"APPLE iPhone 13 (Pink, 128 GB)","₹65,999",4.7,"1,59,295 Ratings & 8,650 Reviews","₹69,900"
"vivo T1 5G (Starlight Black, 128 GB)","₹15,990",4.3,"53,099 Ratings & 4,331 Reviews","₹19,990"
"realme 9 (Meteor Black, 128 GB)","₹17,999",4.4,"15,580 Ratings & 1,231 Reviews","₹22,999"
"vivo T1 44W (Starry Sky, 128 GB)","₹15,999",4.4,"36,381 Ratings & 2,870 Reviews","₹20,990"
"vivo T1 44W (Midnight Galaxy, 128 GB)","₹14,499",4.4,"63,470 Ratings & 4,693 Reviews","₹19,990"
"APPLE iPhone 11 (Black, 128 GB)","₹48,900",4.6,"1,67,785 Ratings & 9,983 Reviews",
"vivo T1X (Gravity Black, 64 GB)","₹11,999",4.5,"54,816 Ratings & 2,943 Reviews","₹16,990"
"APPLE iPhone 11 (White, 128 GB)","₹48,900",4.6,"1,67,785 Ratings & 9,983 Reviews",
"MOTOROLA e40 (Carbon Gray, 64 GB)","₹8,599",4.1,"44,238 Ratings & 4,506 Reviews","₹10,999"
"realme 9 (Stargaze White, 128 GB)","₹17,999",4.4,"15,580 Ratings & 1,231 Reviews","₹22,999"
"APPLE iPhone 13 (Blue, 128 GB)","₹65,999",4.7,"1,59,295 Ratings & 8,650 Reviews","₹69,900"
,,,,
,,,,
"REDMI 9i Sport (Coral Green, 64 GB)","₹8,999",4.3,"1,84,175 Ratings & 10,661 Reviews","₹9,999"
"REDMI 10 (Midnight Black, 64 GB)","₹10,999",4.3,"1,41,941 Ratings & 9,344 Reviews","₹14,999"
"vivo T1X (Space Blue, 128 GB)","₹12,999",4.5,"54,816 Ratings & 2,943 Reviews","₹17,990"
"MOTOROLA G40 Fusion (Frosted Champagne, 128 GB)","₹13,499",4.2,"54,656 Ratings & 5,916 Reviews","₹19,999"
"vivo T1 5G (Starlight Black, 128 GB)","₹19,990",4.3,"13,196 Ratings & 1,165 Reviews","₹23,990"
Nokia 105 SS,"₹1,299",4.2,"17,482 Ratings & 1,235 Reviews","₹1,599"
Nokia 105 SS,"₹1,299",4.2,"17,482 Ratings & 1,235 Reviews","₹1,599"
"OPPO K10 (Blue Flame, 128 GB)","₹14,990",4.4,"77,541 Ratings & 5,675 Reviews","₹18,999"
"APPLE iPhone 11 (White, 64 GB)","₹39,999",4.6,"1,67,785 Ratings & 9,983 Reviews","₹43,990"
"POCO M4 Pro 5G (Cool Blue, 64 GB)","₹14,999",4.3,"27,336 Ratings & 2,419 Reviews","₹16,999"
"REDMI 10 (Pacific Blue, 64 GB)","₹10,999",4.3,"1,41,941 Ratings & 9,344 Reviews","₹14,999"
"Infinix HOT 12 Play (Champagne Gold, 64 GB)","₹8,299",4.3,"98,552 Ratings & 7,250 Reviews","₹11,999"
"Infinix HOT 12 Play (Horizon Blue, 64 GB)","₹8,299",4.3,"98,552 Ratings & 7,250 Reviews","₹11,999"
"Infinix HOT 12 Play (Daylight Green, 64 GB)","₹8,299",4.3,"98,552 Ratings & 7,250 Reviews","₹11,999"
"APPLE iPhone 11 (Black, 128 GB)","₹48,900",4.6,"1,67,785 Ratings & 9,983 Reviews",
"vivo T1X (Space Blue, 128 GB)","₹14,999",4.4,"2,695 Ratings & 157 Reviews","₹18,990"
"POCO M4 Pro 5G (Power Black, 64 GB)","₹14,999",4.3,"27,336 Ratings & 2,419 Reviews","₹16,999"
"MOTOROLA G62 5G (Midnight Gray, 128 GB)","₹15,999",4.1,"4,637 Ratings & 487 Reviews","₹21,999"
"POCO M4 Pro (Power Black, 64 GB)","₹14,999",4.3,"1,13,004 Ratings & 10,303 Reviews","₹17,999"
"vivo T1 44W (Midnight Galaxy, 128 GB)","₹17,999",4.3,"4,387 Ratings & 370 Reviews","₹23,990"
"Infinix HOT 12 Play (Racing Black, 64 GB)","₹8,299",4.3,"98,552 Ratings & 7,250 Reviews","₹11,999"
"POCO C31 (Royal Blue, 64 GB)","₹9,499",4.3,"1,61,834 Ratings & 10,223 Reviews","₹11,999"
"REDMI 10A (Sea Blue, 64 GB)","₹8,965",4.2,"3,940 Ratings & 260 Reviews",
"REDMI 10 (Midnight Black, 128 GB)","₹12,999",4.2,"18,799 Ratings & 1,424 Reviews","₹16,999"
,,,,
,,,,
"OPPO K10 (Black Carbon, 128 GB)","₹14,990",4.4,"77,541 Ratings & 5,675 Reviews","₹18,999"
"REDMI 10 (Caribbean Green, 64 GB)","₹10,999",4.3,"1,41,941 Ratings & 9,344 Reviews","₹14,999"
"MOTOROLA G32 (Mineral Gray, 64 GB)","₹10,999",4.2,"8,289 Ratings & 772 Reviews","₹16,999"
"SAMSUNG Galaxy F13 (Waterfall Blue, 64 GB)","₹11,999",4.4,"91,390 Ratings & 4,896 Reviews","₹14,999"
"Infinix Note 12 (Jewel Blue, 64 GB)","₹9,999",4.2,"18,108 Ratings & 1,787 Reviews","₹15,999"
"MOTOROLA g31 (Meteorite Grey, 64 GB)","₹10,499",4.2,"29,792 Ratings & 3,493 Reviews","₹13,999"
"REDMI 9i Sport (Carbon Black, 64 GB)","₹8,999",4.3,"1,84,175 Ratings & 10,661 Reviews","₹9,999"
"SAMSUNG Galaxy F13 (Sunrise Copper, 64 GB)","₹11,999",4.4,"91,390 Ratings & 4,896 Reviews","₹14,999"
"MOTOROLA g31 (Baby Blue, 128 GB)","₹11,999",4.1,"10,742 Ratings & 1,180 Reviews","₹16,999"
"SAMSUNG Galaxy F13 (Nightsky Green, 64 GB)","₹11,999",4.4,"91,390 Ratings & 4,896 Reviews","₹14,999"
"vivo T1 44W (Midnight Galaxy, 128 GB)","₹15,999",4.4,"36,381 Ratings & 2,870 Reviews","₹20,990"
"MOTOROLA g31 (Baby Blue, 64 GB)","₹10,499",4.2,"29,792 Ratings & 3,493 Reviews","₹13,999"
"realme C31 (Dark Green, 32 GB)","₹9,299",4.5,"43,647 Ratings & 1,698 Reviews","₹10,999"
"REDMI 10 Prime (Phantom Black, 128 GB)","₹14,999",4.2,"7,308 Ratings & 538 Reviews","₹16,999"
"MOTOROLA e40 (Pink Clay, 64 GB)","₹8,599",4.1,"44,238 Ratings & 4,506 Reviews","₹10,999"
"POCO M4 Pro (Cool Blue, 128 GB)","₹16,499",4.3,"1,13,004 Ratings & 10,303 Reviews","₹19,999"
"Infinix Smart 6 HD (Aqua Sky, 32 GB)","₹5,999",4.4,"10,495 Ratings & 502 Reviews","₹8,999"
"Infinix Smart 6 HD (Origin Blue, 32 GB)","₹5,999",4.4,"10,495 Ratings & 502 Reviews","₹8,999"
"Infinix Smart 6 HD (Force Black, 32 GB)","₹5,999",4.4,"10,495 Ratings & 502 Reviews","₹8,999"
"realme C31 (Light Silver, 32 GB)","₹9,299",4.5,"43,647 Ratings & 1,698 Reviews","₹10,999"
"REDMI 9 Activ (Metallic Purple, 64 GB)","₹8,511",4.2,"7,087 Ratings & 502 Reviews","₹8,599"
"realme C33 (Aqua Blue, 32 GB)","₹8,999",4.5,"13,450 Ratings & 532 Reviews","₹11,999"
"realme C33 (Sandy Gold, 32 GB)","₹8,999",4.5,"13,450 Ratings & 532 Reviews","₹11,999"
"realme C33 (Night Sea, 32 GB)","₹8,999",4.5,"13,450 Ratings & 532 Reviews","₹11,999"
,,,,
,,,,
"REDMI 9i Sport (Metallic Blue, 64 GB)","₹8,999",4.3,"1,84,175 Ratings & 10,661 Reviews","₹9,999"
"Infinix Hot 11 2022 (Aurora Green, 64 GB)","₹7,999",4.2,"11,977 Ratings & 1,020 Reviews","₹12,999"
"MOTOROLA g31 (Meteorite Grey, 128 GB)","₹11,999",4.1,"10,742 Ratings & 1,180 Reviews","₹16,999"
"MOTOROLA G32 (Satin Silver, 64 GB)","₹10,999",4.2,"8,289 Ratings & 772 Reviews","₹16,999"
"MOTOROLA g52 (Charcoal Grey, 128 GB)","₹13,999",4.2,"15,194 Ratings & 1,967 Reviews","₹19,999"
"realme C31 (Light Silver, 64 GB)","₹9,999",4.4,"49,364 Ratings & 2,358 Reviews","₹11,999"
"POCO M4 Pro (Yellow, 128 GB)","₹16,499",4.3,"1,13,004 Ratings & 10,303 Reviews","₹19,999"
"Infinix Smart 6 (Light Sea Green, 64 GB)","₹6,499",4.3,"23,491 Ratings & 1,586 Reviews","₹8,999"
"SAMSUNG Galaxy F23 5G (Aqua Blue, 128 GB)","₹18,499",4.3,"1,20,098 Ratings & 9,976 Reviews","₹23,999"
"realme C31 (Dark Green, 64 GB)","₹9,999",4.4,"49,364 Ratings & 2,358 Reviews","₹11,999"
"Infinix Hot 12 Pro (Lightsaber Green, 64 GB)","₹9,999",4.2,"4,080 Ratings & 232 Reviews","₹13,999"
"POCO M4 Pro (Cool Blue, 64 GB)","₹14,999",4.3,"1,13,004 Ratings & 10,303 Reviews","₹17,999"
"REDMI 10A (Sea Blue, 32 GB)","₹7,575",4.1,527 Ratings & 43 Reviews,
"POCO M4 Pro (Power Black, 128 GB)","₹16,499",4.3,"1,13,004 Ratings & 10,303 Reviews","₹19,999"
"vivo T1X (Gravity Black, 128 GB)","₹14,999",4.4,"2,695 Ratings & 157 Reviews","₹18,990"
"REDMI 10A (Slate Grey, 32 GB)","₹7,690",4.1,"1,139 Ratings & 82 Reviews","₹8,200"
"REDMI 10A (Charcoal Black, 64 GB)","₹8,574",4.1,"5,179 Ratings & 335 Reviews","₹8,799"
"MOTOROLA G60 (Moonless, 128 GB)","₹14,999",4.2,"1,27,376 Ratings & 12,912 Reviews","₹21,999"
"realme C33 (Night Sea, 64 GB)","₹9,999",4.5,"40,321 Ratings & 1,646 Reviews","₹12,999"
"REDMI 10A (Charcoal Black, 32 GB)","₹7,615",4.1,"1,139 Ratings & 82 Reviews",
"realme C33 (Sandy Gold, 64 GB)","₹9,999",4.5,"40,321 Ratings & 1,646 Reviews","₹12,999"
"realme C33 (Aqua Blue, 64 GB)","₹9,999",4.5,"40,321 Ratings & 1,646 Reviews","₹12,999"
"vivo T1 5G (Silky White, 128 GB)","₹15,990",4.3,"53,099 Ratings & 4,331 Reviews","₹19,990"
"SAMSUNG Galaxy F23 5G (Copper Blush, 128 GB)","₹18,499",4.3,"1,20,098 Ratings & 9,976 Reviews","₹23,999"
,,,,
,,,,
"vivo T1 5G (Rainbow Fantasy, 128 GB)","₹19,990",4.3,"13,196 Ratings & 1,165 Reviews","₹23,990"
"realme C35 (Glowing Black, 64 GB)","₹11,999",4.4,"1,47,884 Ratings & 8,799 Reviews","₹13,999"
"MOTOROLA g22 (Iceberg Blue, 64 GB)","₹9,999",3.7,"23,584 Ratings & 2,876 Reviews","₹13,999"
"Infinix Smart 6 (Heart Of Ocean, 64 GB)","₹6,499",4.3,"23,491 Ratings & 1,586 Reviews","₹8,999"
"Infinix Smart 6 (Starry Purple, 64 GB)","₹6,499",4.3,"23,491 Ratings & 1,586 Reviews","₹8,999"
"SAMSUNG Galaxy F22 (Denim Black, 128 GB)","₹13,999",4.3,"61,843 Ratings & 5,753 Reviews","₹16,999"
"Infinix Hot 11S (Polar Black, 128 GB)","₹9,999",4.3,"45,584 Ratings & 4,919 Reviews","₹14,999"
"APPLE iPhone 12 (Blue, 64 GB)","₹48,999",4.6,"1,84,547 Ratings & 12,591 Reviews","₹59,900"
"realme 9 5G (Meteor Black, 128 GB)","₹17,499",4.4,"39,702 Ratings & 2,579 Reviews","₹20,999"
"APPLE iPhone 11 (Purple, 64 GB)","₹39,999",4.6,"1,67,785 Ratings & 9,983 Reviews","₹43,900"
"realme 9 5G (Stargaze White, 128 GB)","₹17,499",4.4,"39,702 Ratings & 2,579 Reviews","₹20,999"
"realme 9 5G (Meteor Black, 64 GB)","₹15,999",4.5,"34,766 Ratings & 1,981 Reviews","₹18,999"
"realme 9 5G (Stargaze White, 64 GB)","₹15,999",4.5,"34,766 Ratings & 1,981 Reviews","₹18,999"
"realme 9 5G (Supersonic Blue, 64 GB)","₹15,999",4.5,"34,766 Ratings & 1,981 Reviews","₹18,999"
"realme 9 5G (Supersonic Blue, 128 GB)","₹17,499",4.4,"39,702 Ratings & 2,579 Reviews","₹20,999"
"POCO C31 (Royal Blue, 32 GB)","₹8,499",4.3,"1,11,210 Ratings & 6,942 Reviews","₹10,999"
"Infinix Hot 12 (7° Purple, 64 GB)","₹8,799",4.2,"11,049 Ratings & 783 Reviews","₹12,999"
"realme C35 (Glowing Green, 64 GB)","₹11,999",4.4,"1,47,884 Ratings & 8,799 Reviews","₹13,999"
"Infinix Hot 11 2022 (Polar Black, 64 GB)","₹7,999",4.2,"11,977 Ratings & 1,020 Reviews","₹12,999"
"Infinix Hot 12 (Exploratory Blue, 64 GB)","₹8,799",4.2,"11,049 Ratings & 783 Reviews","₹12,999"
"Infinix Hot 12 (Turquoise Cyan, 64 GB)","₹8,799",4.2,"11,049 Ratings & 783 Reviews","₹12,999"
"realme C35 (Glowing Black, 128 GB)","₹12,999",4.4,"1,47,884 Ratings & 8,799 Reviews","₹14,999"
"POCO X4 Pro 5G (Laser Black, 128 GB)","₹21,999",4.1,"12,278 Ratings & 1,293 Reviews","₹25,999"
"vivo T1 44W (Ice Dawn, 128 GB)","₹14,499",4.4,"63,470 Ratings & 4,693 Reviews","₹19,990"
,,,,
,,,,
"Micromax IN 2C (Silver, 32 GB)","₹5,499",4.2,732 Ratings & 94 Reviews,"₹9,499"
"realme 9 Pro 5G (Midnight Black, 128 GB)","₹18,999",4.4,"73,793 Ratings & 6,261 Reviews","₹21,999"
"POCO C31 (Shadow Gray, 64 GB)","₹9,499",4.3,"1,61,834 Ratings & 10,223 Reviews","₹11,999"
"Infinix Note 12 (Jewel Blue, 128 GB)","₹11,999",4.2,"9,834 Ratings & 959 Reviews","₹17,999"
"Infinix Note 12 (Force Black, 128 GB)","₹11,999",4.2,"9,834 Ratings & 959 Reviews","₹17,999"
GFive K2,₹749,3.8,929 Ratings & 82 Reviews,
"realme 9 5G (Supersonic Black, 128 GB)","₹17,499",4.4,"39,702 Ratings & 2,579 Reviews","₹20,999"
"OPPO K10 5G (Ocean Blue, 128 GB)","₹17,499",4.4,"45,063 Ratings & 3,397 Reviews","₹25,999"
"realme 9i 5G (Metallica Gold, 64 GB)","₹14,999",4.5,"32,383 Ratings & 1,408 Reviews","₹17,999"
Nokia 105 TA-1416 DS,"₹1,449",4.1,"3,458 Ratings & 250 Reviews","₹1,599"
"Micromax IN 2B (Black, 64 GB)","₹7,999",3.9,"2,783 Ratings & 501 Reviews","₹11,999"
"MOTOROLA g52 (Metallic White, 64 GB)","₹12,999",4.2,"7,260 Ratings & 936 Reviews","₹17,999"
"Micromax IN 2B (Blue, 64 GB)","₹5,999",3.9,"19,133 Ratings & 3,042 Reviews","₹10,499"
"REDMI 10 (Caribbean Green, 128 GB)","₹12,999",4.2,"18,799 Ratings & 1,424 Reviews","₹16,999"
"APPLE iPhone 12 (Black, 64 GB)","₹48,999",4.6,"1,84,547 Ratings & 12,591 Reviews","₹59,900"
Nokia 216 DS,"₹3,299",4.2,"32,254 Ratings & 3,328 Reviews",
"realme 9 Pro 5G (Sunrise Blue, 128 GB)","₹18,999",4.4,"73,793 Ratings & 6,261 Reviews","₹21,999"
"realme 9 Pro 5G (Sunrise Blue, 128 GB)","₹20,999",4.3,"12,761 Ratings & 1,021 Reviews","₹23,999"
"realme 9 Pro 5G (Aurora Green, 128 GB)","₹18,999",4.4,"73,793 Ratings & 6,261 Reviews","₹21,999"
"SAMSUNG Galaxy F22 (Denim Blue, 64 GB)","₹11,999",4.3,"97,409 Ratings & 9,459 Reviews","₹14,999"
"MOTOROLA Edge 30 Fusion (Cosmic grey, 128 GB)","₹39,999",4.3,"1,332 Ratings & 251 Reviews","₹49,999"
"REDMI 10 (Pacific Blue, 128 GB)","₹12,999",4.2,"18,799 Ratings & 1,424 Reviews","₹16,999"
"POCO X4 Pro 5G (Laser Blue, 128 GB)","₹21,999",4.1,"12,278 Ratings & 1,293 Reviews","₹25,999"
SAMSUNG GT-E1215,"₹1,648",4.3,"53,326 Ratings & 4,502 Reviews",
,,,,
,,,,
Micromax X412,₹999,3.9,"13,370 Ratings & 1,169 Reviews",
"MOTOROLA G62 5G (Midnight Gray, 128 GB)","₹17,999",4.1,"1,218 Ratings & 133 Reviews","₹24,999"
KARBONN KX3,₹999,3.9,"7,983 Ratings & 620 Reviews",
"APPLE iPhone 13 ((PRODUCT)RED, 128 GB)","₹65,999",4.7,"1,59,295 Ratings & 8,650 Reviews","₹69,900"
"REDMI 9 Activ (Carbon Black, 128 GB)","₹11,499",4.2,"3,961 Ratings & 265 Reviews","₹12,999"
"POCO M4 5G (Power Black, 128 GB)","₹14,999",4.1,"19,287 Ratings & 1,571 Reviews","₹18,999"
"Infinix Hot 12 Pro (Halo White, 64 GB)","₹9,999",4.2,"4,080 Ratings & 232 Reviews","₹13,999"
"OPPO F19 (Prism Black, 128 GB)","₹15,490",4.3,"19,494 Ratings & 1,443 Reviews","₹20,990"
"MOTOROLA e32s (Misty Silver, 32 GB)","₹7,949",3.7,112 Ratings & 19 Reviews,"₹8,799"
"SAMSUNG GALAXY M13 (Midnight Blue, 64 GB)","₹10,889",4.2,977 Ratings & 58 Reviews,
LAVA A1 2021,"₹1,129",4.1,"3,552 Ratings & 327 Reviews",
"OPPO K10 (Black Carbon, 128 GB)","₹16,990",4.3,"4,812 Ratings & 406 Reviews","₹22,999"
"SAMSUNG Galaxy F22 (Denim Blue, 128 GB)","₹13,999",4.3,"61,843 Ratings & 5,753 Reviews","₹16,999"
"MOTOROLA G62 5G (Frosted Blue, 128 GB)","₹17,999",4.1,"1,218 Ratings & 133 Reviews","₹24,999"
"POCO M4 5G (Cool Blue, 128 GB)","₹14,999",4.1,"19,287 Ratings & 1,571 Reviews","₹18,999"
"POCO M4 Pro 5G (Yellow, 64 GB)","₹14,999",4.3,"27,336 Ratings & 2,419 Reviews","₹16,999"
"Moto G71 5G (Neptune Green, 128 GB)","₹16,999",4.2,"20,077 Ratings & 2,332 Reviews","₹22,999"
"REDMI 10A (Charcoal Black, 64 GB)","₹8,685",4.2,"3,940 Ratings & 260 Reviews",
"REDMI 9 Activ (Metallic Purple, 128 GB)","₹11,499",4.2,"3,961 Ratings & 265 Reviews","₹12,999"
"MOTOROLA g52 (Charcoal Grey, 64 GB)","₹12,999",4.2,"7,260 Ratings & 936 Reviews","₹17,999"
"APPLE iPhone 12 (Green, 64 GB)","₹48,999",4.6,"1,84,547 Ratings & 12,591 Reviews","₹59,900"
"POCO X4 Pro 5G (Laser Black, 128 GB)","₹19,999",4.1,"52,113 Ratings & 5,290 Reviews","₹23,999"
"Moto G71 5G (Arctic Blue, 128 GB)","₹16,999",4.2,"20,077 Ratings & 2,332 Reviews","₹22,999"
SAMSUNG Guru Music 2,"₹1,850",4.3,"1,94,041 Ratings & 18,170 Reviews","₹1,950"
,,,,
,,,,
"Micromax IN 2B (Blue, 64 GB)","₹5,999",3.9,"19,133 Ratings & 3,042 Reviews","₹10,499"
"MOTOROLA Edge 30 Fusion (Cosmic grey, 128 GB)","₹39,999",4.3,"1,332 Ratings & 251 Reviews","₹49,999"
BlackZone B310,₹859,3.8,"3,258 Ratings & 260 Reviews",
ANGAGE A2163,₹768,3.8,113 Ratings & 24 Reviews,
Nokia 216 DS,"₹3,299",4.2,"32,254 Ratings & 3,328 Reviews",
"realme 9 Pro 5G (Sunrise Blue, 128 GB)","₹18,999",4.4,"73,793 Ratings & 6,261 Reviews","₹21,999"
"realme 9 Pro 5G (Aurora Green, 128 GB)","₹18,999",4.4,"73,793 Ratings & 6,261 Reviews","₹21,999"
"realme 9 Pro 5G (Sunrise Blue, 128 GB)","₹20,999",4.3,"12,761 Ratings & 1,021 Reviews","₹23,999"
"REDMI 9 Activ (Carbon Black, 64 GB)","₹8,389",4.2,"7,087 Ratings & 502 Reviews","₹8,639"
"SAMSUNG Galaxy F22 (Denim Blue, 64 GB)","₹11,999",4.3,"97,409 Ratings & 9,459 Reviews","₹14,999"
"POCO X4 Pro 5G (Laser Blue, 128 GB)","₹21,999",4.1,"12,278 Ratings & 1,293 Reviews","₹25,999"
SAMSUNG GT-E1215,"₹1,648",4.3,"53,326 Ratings & 4,502 Reviews",
"SAMSUNG GALAXY M13 (Stardust Brown, 64 GB)","₹10,480",4.2,977 Ratings & 58 Reviews,
"MOTOROLA g82 5G (Meterorite Grey, 128 GB)","₹19,999",4.1,"4,028 Ratings & 556 Reviews","₹23,999"
"MOTOROLA G62 5G (Midnight Gray, 128 GB)","₹17,999",4.1,"1,218 Ratings & 133 Reviews","₹24,999"
"MOTOROLA g52 (Charcoal Grey, 64 GB)","₹12,999",4.2,"7,260 Ratings & 936 Reviews","₹17,999"
"realme C35 (Glowing Black, 128 GB)","₹12,999",4.4,"1,47,884 Ratings & 8,799 Reviews","₹14,999"
"realme C35 (Glowing Black, 128 GB)","₹13,999",4.2,"10,294 Ratings & 656 Reviews","₹15,999"
"IQOO 7 5G (Solid Ice Blue, 256 GB)","₹27,990",4.8,37 Ratings & 2 Reviews,
"POCO M5 (Icy Blue, 64 GB)","₹12,499",4.3,"1,719 Ratings & 123 Reviews","₹15,999"
"IQOO 7 5G (Monster Orange, 128 GB)","₹24,990",4.4,139 Ratings & 28 Reviews,
"realme C35 (Glowing Green, 128 GB)","₹12,999",4.4,"1,47,884 Ratings & 8,799 Reviews","₹14,999"
"REDMI 10 (Pacific Blue, 128 GB)","₹12,999",4.2,"18,799 Ratings & 1,424 Reviews","₹16,999"
KARBONN KX3,₹999,3.9,"7,983 Ratings & 620 Reviews",
,,,,
,,,,
"REDMI Note 10 Pro (Vintage Bronze, 128 GB)","₹17,999",4.3,"40,270 Ratings & 3,760 Reviews","₹19,999"
LAVA Flip,"₹1,829",4.1,"12,887 Ratings & 1,239 Reviews",
"OPPO F19 (Prism Black, 128 GB)","₹15,490",4.3,"19,494 Ratings & 1,443 Reviews","₹20,990"
Micromax X412,₹999,3.9,"13,370 Ratings & 1,169 Reviews",
BlackZone B310,₹859,3.8,"3,258 Ratings & 260 Reviews",
ANGAGE A2163,₹768,3.8,113 Ratings & 24 Reviews,
"MOTOROLA e32s (Misty Silver, 32 GB)","₹7,949",3.7,112 Ratings & 19 Reviews,"₹8,799"
"MOTOROLA e32s (Slate Gray, 32 GB)","₹7,980",,,"₹7,990"
"SAMSUNG Galaxy F22 (Denim Blue, 128 GB)","₹13,999",4.3,"61,843 Ratings & 5,753 Reviews","₹16,999"
"POCO X4 Pro 5G (Laser Black, 128 GB)","₹19,999",4.1,"52,113 Ratings & 5,290 Reviews","₹23,999"
"REDMI 9 Activ (Metallic Purple, 128 GB)","₹11,499",4.2,"3,961 Ratings & 265 Reviews","₹12,999"
SAMSUNG Guru Music 2,"₹1,850",4.3,"1,94,041 Ratings & 18,170 Reviews","₹1,950"
"OPPO K10 (Black Carbon, 128 GB)","₹16,990",4.3,"4,812 Ratings & 406 Reviews","₹22,999"
"POCO M4 Pro 5G (Yellow, 64 GB)","₹14,999",4.3,"27,336 Ratings & 2,419 Reviews","₹16,999"
"Moto G71 5G (Neptune Green, 128 GB)","₹16,999",4.2,"20,077 Ratings & 2,332 Reviews","₹22,999"
"POCO M5 (Power Black, 64 GB)","₹12,499",4.3,"1,719 Ratings & 123 Reviews","₹15,999"
"REDMI 10A (Charcoal Black, 64 GB)","₹8,685",4.2,"3,940 Ratings & 260 Reviews",
"APPLE iPhone 12 (Green, 64 GB)","₹48,999",4.6,"1,84,547 Ratings & 12,591 Reviews","₹59,900"
"Infinix Hot 12 Pro (Halo White, 64 GB)","₹9,999",4.2,"4,080 Ratings & 232 Reviews","₹13,999"
"Moto G71 5G (Arctic Blue, 128 GB)","₹16,999",4.2,"20,077 Ratings & 2,332 Reviews","₹22,999"
"MOTOROLA G62 5G (Frosted Blue, 128 GB)","₹17,999",4.1,"1,218 Ratings & 133 Reviews","₹24,999"
"REDMI Note 11T 5G (Aquamarine Blue, 128 GB)","₹18,740",4.2,"4,932 Ratings & 406 Reviews",
LAVA A1 2021,"₹1,129",4.1,"3,552 Ratings & 327 Reviews",
"Redmi 9A Sport (Carbon Black, 32 GB)","₹6,749",4.1,"22,542 Ratings & 1,734 Reviews",
,,,,
,,,,
"realme 9i 5G (Rocking Black, 128 GB)","₹16,999",4.3,"3,611 Ratings & 245 Reviews","₹19,999"
"APPLE iPhone 11 (Red, 128 GB)","₹44,999",4.6,"1,67,785 Ratings & 9,983 Reviews","₹48,900"
"REDMI Note 11T 5G (Aquamarine Blue, 128 GB)","₹19,499",4.2,"4,932 Ratings & 406 Reviews",
"vivo Y01 (Sapphire Blue, 32 GB)","₹8,400",4.2,881 Ratings & 57 Reviews,"₹8,480"
"Tecno Pova Neo (Geek Blue, 128 GB)","₹10,399",4.1,479 Ratings & 38 Reviews,"₹10,891"
"vivo Y16 (Drizzling Gold, 64 GB)","₹10,999",4.2,243 Ratings & 19 Reviews,"₹13,999"
"REDMI Note 11S (Horizon Blue, 128 GB)","₹15,478",4.2,"1,782 Ratings & 154 Reviews","₹15,795"
SAMSUNG Guru Music 2,"₹2,220",4.3,"1,94,041 Ratings & 18,170 Reviews","₹2,250"
"OnePlus Nord CE 2 Lite 5G (Black Dusk, 128 GB)","₹19,982",4.4,"31,795 Ratings & 2,696 Reviews",
"Redmi Note 11 (Space Black, 64 GB)","₹13,590",4.2,"7,940 Ratings & 640 Reviews","₹14,399"
"Redmi Note 11 (Space Black, 128 GB)","₹15,123",4.2,"7,940 Ratings & 640 Reviews","₹15,598"
"Redmi Note 11 (Starburst White, 128 GB)","₹14,920",4.2,"7,940 Ratings & 640 Reviews","₹15,349"
"IQOO Z6 5G (Chromatic Blue, 128 GB)","₹15,899",4,300 Ratings & 25 Reviews,"₹15,999"
"IQOO Z6 5G (Chromatic Blue, 128 GB)","₹18,799",4.1,205 Ratings & 18 Reviews,
"POCO C31 (Shadow Gray, 32 GB)","₹8,499",4.3,"1,11,210 Ratings & 6,942 Reviews","₹10,999"
"MOTOROLA g22 (Mint Green, 64 GB)","₹9,999",3.7,"23,584 Ratings & 2,876 Reviews","₹13,999"
"POCO M4 Pro 5G (Cool Blue, 128 GB)","₹18,999",4.2,"5,539 Ratings & 498 Reviews","₹21,999"
"realme C11 2021 (Cool Grey, 64 GB)","₹8,999",4.3,"2,02,869 Ratings & 11,055 Reviews","₹9,999"
"Tecno Pova 3 (Tech Silver, 128 GB)","₹14,498",4.1,114 Ratings & 9 Reviews,
"REDMI Note 10 Pro Max (Vintage Bronze, 128 GB)","₹19,999",4.3,"15,489 Ratings & 1,143 Reviews","₹22,999"
SAMSUNG Guru Music 2 SM-B315E,"₹2,135",4.2,"8,830 Ratings & 643 Reviews","₹2,180"
"realme C11 2021 (Cool Blue, 64 GB)","₹8,999",4.3,"2,02,869 Ratings & 11,055 Reviews","₹9,999"
"APPLE iPhone 12 (Purple, 64 GB)","₹48,999",4.6,"1,84,547 Ratings & 12,591 Reviews","₹59,900"
"SAMSUNG GALAXY M13 (Midnight Blue, 128 GB)","₹13,989",4,209 Ratings & 15 Reviews,
,,,,
,,,,
BlackZone B310,₹859,3.8,"3,258 Ratings & 260 Reviews",
ANGAGE A2163,₹768,3.8,113 Ratings & 24 Reviews,
"Nothing Phone (1) (White, 256 GB)","₹30,499",4.3,"33,052 Ratings & 4,584 Reviews","₹39,999"
"Infinix Hot 12 Pro (Halo White, 128 GB)","₹11,999",4,"3,144 Ratings & 278 Reviews","₹15,999"
"Nothing Phone (1) (Black, 128 GB)","₹27,499",4.3,"33,052 Ratings & 4,584 Reviews","₹37,999"
LAVA Flip,"₹2,048",4.2,"1,186 Ratings & 94 Reviews",
"realme C35 (Glowing Green, 128 GB)","₹13,999",4.2,"10,294 Ratings & 656 Reviews","₹15,999"
"vivo V23e 5G (Sunshine Gold, 128 GB)","₹22,869",4.2,"1,557 Ratings & 149 Reviews","₹24,989"
"REDMI Note 10 Pro Max (Dark Nebula, 128 GB)","₹19,999",4.3,"15,489 Ratings & 1,143 Reviews","₹22,999"
LAVA A1 Josh 2021,"₹1,055",4.1,"6,921 Ratings & 594 Reviews","₹1,249"
"Nothing Phone (1) (Black, 256 GB)","₹32,499",4.3,"4,933 Ratings & 576 Reviews","₹42,999"
"POCO M4 Pro (Power Black, 128 GB)","₹17,999",4.3,"10,988 Ratings & 957 Reviews","₹21,999"
"realme 9 Pro 5G (Aurora Green, 128 GB)","₹20,999",4.3,"12,761 Ratings & 1,021 Reviews","₹23,999"
Nokia 105 TA-1416 DS,"₹1,449",4.1,"3,458 Ratings & 250 Reviews","₹1,599"
"SAMSUNG Galaxy M33 5G (Deep Ocean Blue, 128 GB)","₹16,485",4.2,"6,017 Ratings & 530 Reviews",
Good One 5026,₹999,4.1,705 Ratings & 158 Reviews,
"Realme C30 - Locked with Airtel Prepaid (Lake Blue, 32 GB)","₹6,399",4.3,"54,354 Ratings & 2,676 Reviews","₹8,499"
"realme C11 2021 (Cool Grey, 32 GB)","₹7,499",4.4,"2,31,729 Ratings & 10,136 Reviews","₹7,999"
"Infinix Hot 12 Pro (Lightsaber Green, 128 GB)","₹11,999",4,"3,144 Ratings & 278 Reviews","₹15,999"
"Nothing Phone (1) (White, 256 GB)","₹33,499",4.3,"4,933 Ratings & 576 Reviews","₹42,999"
"realme 9i (Prism Black, 64 GB)","₹13,499",4.5,"1,05,775 Ratings & 6,152 Reviews","₹15,999"
Good One 5026,₹999,4.1,705 Ratings & 158 Reviews,
MarQ by Flipkart M70 Shakti,"₹1,099",3.9,"2,498 Ratings & 306 Reviews","₹1,599"
"MOTOROLA g72 (Polar Blue, 128 GB)","₹17,499",4.1,"1,660 Ratings & 284 Reviews","₹21,999"
,,,,
,,,,
"REDMI 9 Activ (Coral Green, 128 GB)","₹11,499",4.2,"3,961 Ratings & 265 Reviews","₹12,999"
"REDMI 10A (Sea Blue, 64 GB)","₹8,595",4.1,"5,179 Ratings & 335 Reviews","₹8,599"
"REDMI 10A (Slate Grey, 32 GB)","₹7,690",4.1,"1,139 Ratings & 82 Reviews","₹8,200"
SAMSUNG Guru Music 2 SM-B315E,"₹2,022",4.2,"8,830 Ratings & 643 Reviews",
"REDMI Note 11T 5G (Aquamarine Blue, 128 GB)","₹17,389",4.2,"4,932 Ratings & 406 Reviews",
"vivo Y01 (Sapphire Blue, 32 GB)","₹8,400",4.2,881 Ratings & 57 Reviews,"₹8,480"
"REDMI Note 11S (Horizon Blue, 128 GB)","₹15,478",4.2,"1,782 Ratings & 154 Reviews","₹15,795"
"vivo Y16 (Drizzling Gold, 64 GB)","₹10,999",4.2,243 Ratings & 19 Reviews,"₹13,999"
"POCO M4 5G (Cool Blue, 64 GB)","₹12,999",4.2,"39,407 Ratings & 3,211 Reviews","₹15,999"
"REDMI A1 (Black, 32 GB)","₹6,740",4.2,646 Ratings & 40 Reviews,
Nokia 105 TA-1416 DS,"₹1,449",4.1,"3,458 Ratings & 250 Reviews","₹1,599"
"APPLE iPhone 11 (Red, 128 GB)","₹44,999",4.6,"1,67,785 Ratings & 9,983 Reviews","₹48,900"
"Redmi Note 11 (Space Black, 64 GB)","₹13,590",4.2,"7,940 Ratings & 640 Reviews","₹14,399"
"Redmi Note 11 (Starburst White, 128 GB)","₹14,920",4.2,"7,940 Ratings & 640 Reviews","₹15,349"
"Tecno Pova Neo (Geek Blue, 128 GB)","₹10,399",,,"₹10,891"
"SAMSUNG GALAXY M13 (Midnight Blue, 128 GB)","₹13,989",4,209 Ratings & 15 Reviews,
"Redmi Note 11 (Space Black, 128 GB)","₹15,123",4.2,"7,940 Ratings & 640 Reviews","₹15,598"
"OnePlus Nord CE 2 Lite 5G (Black Dusk, 128 GB)","₹19,988",4.4,"31,795 Ratings & 2,696 Reviews","₹19,999"
"IQOO Z6 5G (Chromatic Blue, 128 GB)","₹15,899",4,300 Ratings & 25 Reviews,"₹15,999"
"IQOO Z6 5G (Chromatic Blue, 128 GB)","₹18,799",4.1,205 Ratings & 18 Reviews,
"MOTOROLA g22 (Mint Green, 64 GB)","₹9,999",3.7,"23,584 Ratings & 2,876 Reviews","₹13,999"
"POCO C31 (Shadow Gray, 32 GB)","₹8,499",4.3,"1,11,210 Ratings & 6,942 Reviews","₹10,999"
"Realme C30 - Locked with Airtel Prepaid (Lake Blue, 32 GB)","₹6,399",4.3,"54,354 Ratings & 2,676 Reviews","₹8,499"
"POCO M4 Pro 5G (Cool Blue, 128 GB)","₹18,999",4.2,"5,539 Ratings & 498 Reviews","₹21,999"
,,,,
,,,,
"realme C11 2021 (Cool Grey, 64 GB)","₹8,999",4.3,"2,02,869 Ratings & 11,055 Reviews","₹9,999"
"Infinix Note 12 5G (Force Black, 64 GB)","₹13,999",4.1,"8,193 Ratings & 932 Reviews","₹19,999"
"Infinix Note 12 5G (Snowfall, 64 GB)","₹13,999",4.1,"8,193 Ratings & 932 Reviews","₹19,999"
"REDMI Note 10 Pro Max (Vintage Bronze, 128 GB)","₹19,999",4.3,"15,489 Ratings & 1,143 Reviews","₹22,999"
"realme C30 (Bamboo Green, 32 GB)","₹6,999",4.3,"54,354 Ratings & 2,676 Reviews","₹8,499"
"realme C11 2021 (Cool Blue, 64 GB)","₹8,999",4.3,"2,02,869 Ratings & 11,055 Reviews","₹9,999"
"realme 9i (Prism Black, 128 GB)","₹14,999",4.5,"1,05,775 Ratings & 6,152 Reviews","₹16,999"
"APPLE iPhone 11 (Red, 64 GB)","₹39,999",4.6,"1,67,785 Ratings & 9,983 Reviews","₹43,900"
Micromax X708,"₹1,275",3.9,"1,312 Ratings & 94 Reviews","₹1,325"
"realme C30 (Denim Black, 32 GB)","₹6,999",4.3,"54,354 Ratings & 2,676 Reviews","₹8,499"
"REDMI Note 11S (Space Black, 128 GB)","₹15,485",4.2,"1,782 Ratings & 154 Reviews",
LAVA A3 Power,"₹1,339",4.1,"1,539 Ratings & 148 Reviews",
"realme 9i (Prism Blue, 128 GB)","₹15,999",4.5,"24,090 Ratings & 1,437 Reviews","₹17,999"
"POCO M4 5G (Power Black, 64 GB)","₹12,999",4.2,"39,407 Ratings & 3,211 Reviews","₹15,999"
Motorola a70,"₹1,999",4,677 Ratings & 78 Reviews,"₹2,320"
Micromax X708,"₹1,310",3.9,"1,312 Ratings & 94 Reviews","₹1,318"
"Infinix Note 12 Pro 5G (Force Black, 128 GB)","₹16,499",4.1,"11,926 Ratings & 1,602 Reviews","₹24,999"
"SAMSUNG Galaxy F13 (Waterfall Blue, 128 GB)","₹12,999",4.4,"91,390 Ratings & 4,896 Reviews","₹16,999"
"APPLE iPhone 12 (White, 64 GB)","₹48,999",4.6,"1,84,547 Ratings & 12,591 Reviews","₹59,900"
"realme Narzo 50 (Speed Black, 128 GB)","₹15,499",4.4,"5,877 Ratings & 420 Reviews","₹17,999"
SAMSUNG Metro 313 Dual Sim,"₹2,840",4.2,"14,787 Ratings & 1,486 Reviews",
Cellecor X50+,"₹1,599",3.5,16 Ratings & 2 Reviews,
"OPPO Reno8 5G (Shimmer Black, 128 GB)","₹29,999",4.3,"28,512 Ratings & 3,789 Reviews","₹38,999"
"OPPO Reno8 5G (Shimmer Gold, 128 GB)","₹29,999",4.3,"28,512 Ratings & 3,789 Reviews","₹38,999"
,,,,
,,,,
SAMSUNG Metro 313 Dual Sim,"₹2,840",4.2,"14,787 Ratings & 1,486 Reviews",
"SAMSUNG Galaxy F13 (Waterfall Blue, 128 GB)","₹12,999",4.4,"91,390 Ratings & 4,896 Reviews","₹16,999"
Motorola a70,"₹1,999",4,677 Ratings & 78 Reviews,"₹2,320"
"Infinix Note 12 5G (Snowfall, 64 GB)","₹13,999",4.1,"8,193 Ratings & 932 Reviews","₹19,999"
BlackZone B310,₹859,3.8,"3,258 Ratings & 260 Reviews",
ANGAGE A2163,₹768,3.8,113 Ratings & 24 Reviews,
Itel Ace Young Without Charger,₹799,4,"2,569 Ratings & 181 Reviews","₹1,049"
"POCO M5 (Icy Blue, 128 GB)","₹14,499",4.3,859 Ratings & 58 Reviews,"₹18,999"
Itel It2171,"₹1,099",4.1,"3,354 Ratings & 309 Reviews","₹1,149"
LAVA A1500,"₹1,399",4.1,"1,986 Ratings & 202 Reviews","₹1,829"
"POCO M4 Pro 5G (Power Black, 128 GB)","₹18,999",4.2,"5,539 Ratings & 498 Reviews","₹21,999"
"Itel A49 (Sky Cyan, 32 GB)","₹5,650",4.1,276 Ratings & 15 Reviews,
"realme C30 (Denim Black, 32 GB)","₹7,999",4.1,"26,797 Ratings & 1,681 Reviews","₹9,299"
"realme C30 (Lake Blue, 32 GB)","₹7,999",4.1,"26,797 Ratings & 1,681 Reviews","₹9,299"
"REDMI A1 (Light Blue, 32 GB)","₹6,497",4.2,646 Ratings & 40 Reviews,
LAVA A3 Power,"₹1,339",4.1,"1,539 Ratings & 148 Reviews",
"Infinix Smart 6 Plus (Tranquil Sea Blue, 64 GB)","₹7,999",4.3,"7,819 Ratings & 581 Reviews","₹9,999"
"OPPO Reno8 5G (Shimmer Black, 128 GB)","₹29,999",4.3,"28,512 Ratings & 3,789 Reviews","₹38,999"
"OPPO Reno8 5G (Shimmer Gold, 128 GB)","₹29,999",4.3,"28,512 Ratings & 3,789 Reviews","₹38,999"
"POCO M5 (Yellow, 64 GB)","₹12,499",4.3,"1,719 Ratings & 123 Reviews","₹15,999"
"Itel A49 (Dome Blue, 32 GB)","₹5,699",4.1,276 Ratings & 15 Reviews,
DIZO Star 500,"₹1,799",4,"11,413 Ratings & 1,372 Reviews","₹1,999"
"REDMI 10A (Sea Blue, 64 GB)","₹8,798",4.1,"5,179 Ratings & 335 Reviews","₹8,949"
"MOTOROLA g42 (Metallic Rose, 64 GB)","₹11,999",4.1,"1,992 Ratings & 270 Reviews","₹16,999"
,,,,
,,,,
BlackZone B310,₹859,3.8,"3,258 Ratings & 260 Reviews",
ANGAGE A2163,₹768,3.8,113 Ratings & 24 Reviews,
"realme C30 (Bamboo Green, 32 GB)","₹7,999",4.1,"26,797 Ratings & 1,681 Reviews","₹9,299"
"MOTOROLA Edge 20 Fusion 5G (Electric Graphite, 128 GB)","₹18,999",4,"18,884 Ratings & 2,546 Reviews","₹24,999"
"realme 9i 5G (Metallica Gold, 128 GB)","₹16,999",4.3,"3,611 Ratings & 245 Reviews","₹19,999"
"SAMSUNG Galaxy M33 5G (Emarld Brown, 128 GB)","₹16,837",4.2,"6,017 Ratings & 530 Reviews","₹18,495"
"Infinix Note 11 (Graphite Black, 64 GB)","₹12,499",4.3,"37,631 Ratings & 4,537 Reviews","₹14,999"
"Realme C30 - Locked with Airtel Prepaid (Bamboo Green, 32 GB)","₹6,399",4.3,"54,354 Ratings & 2,676 Reviews","₹8,499"
"POCO M4 5G (Yellow, 64 GB)","₹12,999",4.2,"39,407 Ratings & 3,211 Reviews","₹15,999"
"realme 9i (Prism Black, 128 GB)","₹15,999",4.5,"24,090 Ratings & 1,437 Reviews","₹17,999"
Good One 2192,₹999,3.9,498 Ratings & 94 Reviews,
Good One 2192,₹999,3.9,498 Ratings & 94 Reviews,
"MOTOROLA edge 30 (Meteor Grey, 128 GB)","₹27,999",4.2,"5,218 Ratings & 780 Reviews","₹30,999"
Nokia 150 DS 2020,"₹2,719",4.1,"19,421 Ratings & 1,538 Reviews",
Kechaoda K115,"₹1,249",4.1,"28,021 Ratings & 2,184 Reviews",
Nokia 150 TA-1235 DS,,4.1,"11,553 Ratings & 851 Reviews",
"APPLE iPhone 12 (Red, 64 GB)","₹48,999",4.6,"1,84,547 Ratings & 12,591 Reviews","₹59,900"
"REDMI 10A (Slate grey, 64 GB)","₹8,689",4.1,"5,179 Ratings & 335 Reviews",
Micromax S115,₹974,4.2,22 Ratings & 1 Reviews,₹992
"realme Narzo 50 (Speed Blue, 64 GB)","₹12,999",4.5,"14,026 Ratings & 887 Reviews","₹15,999"
"realme Narzo 50 (Speed Blue, 128 GB)","₹15,499",4.4,"5,877 Ratings & 420 Reviews","₹17,999"
"realme Narzo 50 (Speed Black, 64 GB)","₹12,999",4.5,"14,026 Ratings & 887 Reviews","₹15,999"
"realme C30s (Stripe Black, 32 GB)","₹7,499",4.4,871 Ratings & 32 Reviews,"₹9,999"
"SAMSUNG Galaxy F13 (Nightsky Green, 128 GB)","₹12,999",4.4,"91,390 Ratings & 4,896 Reviews","₹16,999"
,,,,
,,,,
BlackZone B310,₹859,3.8,"3,258 Ratings & 260 Reviews",
ANGAGE A2163,₹768,3.8,113 Ratings & 24 Reviews,
"vivo Y01 (Elegant Black, 32 GB)","₹7,999",4.2,881 Ratings & 57 Reviews,"₹12,999"
Micromax J2,₹959,3.8,109 Ratings & 7 Reviews,₹968
Nokia 150 DS 2020,"₹2,740",4.1,"19,421 Ratings & 1,538 Reviews","₹2,788"
"vivo T1 Pro 5G (Turbo Cyan, 128 GB)","₹24,999",4.3,"12,937 Ratings & 1,371 Reviews","₹30,990"
"REDMI Note 10 Pro Max (Dark Night, 128 GB)","₹19,999",4.3,"15,489 Ratings & 1,143 Reviews","₹22,999"
"IQOO 9 SE 5G (Space Fusion, 128 GB)","₹33,499",4,106 Ratings & 10 Reviews,"₹33,999"
"Tecno Spark 9 (Infinity Black, 128 GB)","₹9,970",4,438 Ratings & 25 Reviews,
"APPLE iPhone 12 (Red, 64 GB)","₹48,999",4.6,"1,84,547 Ratings & 12,591 Reviews","₹59,900"
"Tecno Spark 8T (Turquoise Cyan, 64 GB)","₹9,289",4.2,269 Ratings & 29 Reviews,"₹10,249"
SAMSUNG Guru Music 2,"₹2,240",4.3,"1,94,041 Ratings & 18,170 Reviews","₹2,350"
"SAMSUNG Galaxy M33 5G (Mystique Green, 128 GB)","₹16,490",4.2,"6,017 Ratings & 530 Reviews",
"Redmi Note 11 PRO Plus 5G (Mirage Blue, 128 GB)","₹20,653",4.2,"4,463 Ratings & 394 Reviews",
"Redmi Note 11 PRO Plus 5G (Stealth Black, 128 GB)","₹22,498",4.2,"2,071 Ratings & 177 Reviews",
"Redmi Note 11 PRO Plus 5G (Mirage Blue, 128 GB)","₹21,495",4.2,"2,071 Ratings & 177 Reviews","₹22,595"
Itel Ace 2N,₹915,4.1,224 Ratings & 13 Reviews,
"Google Pixel 6a (Chalk, 128 GB)","₹43,999",4.3,"17,954 Ratings & 2,291 Reviews",
"realme 9 5G SE (Azure Glow, 128 GB)","₹19,999",4.4,"22,707 Ratings & 1,876 Reviews","₹24,999"
"MOTOROLA Edge 30 (Meteor Grey, 128 GB)","₹29,999",4.1,"2,879 Ratings & 445 Reviews","₹34,999"
Good One G5605N,₹899,3.9,662 Ratings & 119 Reviews,
Kechaoda A26,"₹1,086",4.1,"13,469 Ratings & 992 Reviews",
"OPPO A17 (Sunlight Orange, 64 GB)","₹12,499",4.4,808 Ratings & 33 Reviews,"₹14,999"
Good One G5605N,₹899,3.9,662 Ratings & 119 Reviews,
,,,,
,,,,
"Google Pixel 7 Pro (Hazel, 128 GB)","₹84,999",4.5,779 Ratings & 143 Reviews,
"REDMI Note 10T 5G (Mint Green, 64 GB)","₹14,999",4.3,"42,543 Ratings & 3,073 Reviews","₹16,999"
BlackZone B310,₹859,3.8,"3,258 Ratings & 260 Reviews",
ANGAGE A2163,₹768,3.8,113 Ratings & 24 Reviews,
"vivo Y35 (Agate Black, 128 GB)","₹18,499",4.4,754 Ratings & 51 Reviews,"₹22,999"
"SAMSUNG Galaxy F42 5G (Matte Aqua, 128 GB)","₹22,999",4.1,"5,228 Ratings & 521 Reviews","₹25,999"
SAMSUNG Guru Music 2,"₹2,240",4.3,"1,94,041 Ratings & 18,170 Reviews","₹2,250"
"REDMI Note 11 (Space Black, 64 GB)","₹12,770",4.3,83 Ratings & 8 Reviews,
"POCO C3 (Lime Green, 32 GB)","₹8,499",4.3,"3,97,284 Ratings & 26,555 Reviews","₹9,999"
"SAMSUNG Galaxy M33 5G (Deep Ocean Blue, 128 GB)","₹16,983",4.2,"6,017 Ratings & 530 Reviews","₹16,990"
"Tecno Spark 8T (Atlantic Blue, 64 GB)","₹9,289",4.2,269 Ratings & 29 Reviews,"₹10,139"
"REDMI Note 11 (Horizon Blue, 64 GB)","₹12,490",4.3,83 Ratings & 8 Reviews,
Kechaoda K112,"₹1,699",4,"18,596 Ratings & 1,989 Reviews",
"OPPO A16E (Midnight Black, 32 GB)","₹8,999",4.3,451 Ratings & 15 Reviews,"₹13,990"
Itel Ace Young Without Charger,₹799,4,"2,569 Ratings & 181 Reviews","₹1,049"
"SAMSUNG Galaxy A32 (Awesome Black, 128 GB)","₹18,989",4.1,249 Ratings & 26 Reviews,"₹22,489"
"Xiaomi 11i 5G (Stealth Black, 128 GB)","₹26,999",4.2,"19,652 Ratings & 2,471 Reviews","₹31,999"
"REDMI Note 10S (Deep Sea Blue, 64 GB)","₹14,999",4.4,"80,663 Ratings & 5,471 Reviews","₹16,999"
"REDMI K50i 5G (Phantom Blue, 128 GB)","₹23,989",4.2,607 Ratings & 87 Reviews,"₹25,998"
Good One 2192,₹999,3.9,498 Ratings & 94 Reviews,
"SAMSUNG Galaxy F23 5G (Forest Green, 128 GB)","₹17,499",4.2,"29,004 Ratings & 2,324 Reviews","₹22,999"
"Realme C30 - Locked with Airtel Prepaid (Denim Black, 32 GB)","₹6,399",4.3,"54,354 Ratings & 2,676 Reviews","₹8,499"
"Tecno Pop 5 LTE (Ice Blue, 32 GB)","₹6,775",4.2,541 Ratings & 36 Reviews,"₹6,776"
"Itel A49 (Crystal Purple, 32 GB)","₹5,699",4.1,276 Ratings & 15 Reviews,"₹5,799"
,,,,
,,,,
"Itel Vision3 (Multi Green, 32 GB)","₹6,195",,,"₹6,277"
"REDMI Note 10S (Deep Sea Blue, 64 GB)","₹14,999",4.4,"80,663 Ratings & 5,471 Reviews","₹16,999"
Itel It2171,"₹1,099",4.1,"3,354 Ratings & 309 Reviews","₹1,149"
"Tecno Pop 5 LTE (Ice Blue, 32 GB)","₹6,775",4.2,541 Ratings & 36 Reviews,"₹6,776"
"SAMSUNG Galaxy M33 5G (Mystique Green, 128 GB)","₹19,400",4.2,555 Ratings & 38 Reviews,"₹25,990"
"Tecno Spark 8T (Turquoise Cyan, 64 GB)","₹9,289",4.2,269 Ratings & 29 Reviews,"₹10,249"
Micromax X513+,"₹1,135",3.8,689 Ratings & 49 Reviews,
SAMSUNG GURU GT,"₹1,631",4.1,"2,819 Ratings & 183 Reviews",
Good One Magic,"₹1,450",4,"3,794 Ratings & 306 Reviews",
"SAMSUNG Galaxy A33 (Awesome Blue, 128 GB)","₹28,499",4.1,"1,230 Ratings & 127 Reviews","₹32,990"
"realme GT Neo 3T (Shade Black, 128 GB)","₹31,999",4.3,"5,299 Ratings & 616 Reviews","₹36,999"
"realme GT Neo 3T (Dash Yellow, 128 GB)","₹31,999",4.3,"5,299 Ratings & 616 Reviews","₹36,999"
"realme GT Neo 3T (Drifting White, 256 GB)","₹33,999",4.3,"5,299 Ratings & 616 Reviews","₹38,999"
"realme GT Neo 3T (Drifting White, 128 GB)","₹31,999",4.3,"5,299 Ratings & 616 Reviews","₹36,999"
"realme GT Neo 3T (Shade Black, 256 GB)","₹33,999",4.3,"5,299 Ratings & 616 Reviews","₹38,999"
"realme 9 5G SE (Starry Glow, 128 GB)","₹22,999",4.3,"1,973 Ratings & 176 Reviews","₹26,999"
"realme GT Neo 3T (Drifting White, 128 GB)","₹29,999",4.3,"9,486 Ratings & 1,153 Reviews","₹34,999"
"realme GT Neo 3T (Shade Black, 128 GB)","₹29,999",4.3,"9,486 Ratings & 1,153 Reviews","₹34,999"
"Itel A49 (Crystal Purple, 32 GB)","₹5,699",4.1,276 Ratings & 15 Reviews,"₹5,799"
"MOTOROLA Edge 30 Fusion (Solar Gold, 128 GB)","₹39,999",4.3,"1,332 Ratings & 251 Reviews","₹49,999"
"POCO F4 5G (Night Black, 256 GB)","₹33,999",4.4,"2,180 Ratings & 336 Reviews","₹39,999"
LAVA 34 Ultra,"₹1,649",4.1,"1,307 Ratings & 145 Reviews",
"POCO C3 (Lime Green, 32 GB)","₹8,499",4.3,"3,97,284 Ratings & 26,555 Reviews","₹9,999"
"Redmi 9A Sport (Carbon Black, 32 GB)","₹7,665",4.2,"5,476 Ratings & 421 Reviews","₹7,705"
,,,,
,,,,
"Redmi 9A Sport (Coral Green, 32 GB)","₹6,690",4.1,"22,542 Ratings & 1,734 Reviews","₹6,855"
"Infinix Smart 6 Plus (Miracle Black, 64 GB)","₹7,999",4.3,"7,819 Ratings & 581 Reviews","₹9,999"
"Infinix Smart 6 Plus (Crystal Violet, 64 GB)","₹7,999",4.3,"7,819 Ratings & 581 Reviews","₹9,999"
"Google Pixel 7 (Lemongrass, 128 GB)","₹59,999",4.5,996 Ratings & 202 Reviews,
"Redmi Note 11S (Space Black, 128 GB)","₹16,249",4.2,631 Ratings & 47 Reviews,"₹16,998"
KARBONN K9,"₹1,399",4.1,"7,503 Ratings & 639 Reviews",
"Google Pixel 7 (Snow, 128 GB)","₹59,999",4.5,996 Ratings & 202 Reviews,
"Infinix Note 11 (Celestial Snow, 128 GB)","₹11,899",4.2,"9,622 Ratings & 1,158 Reviews","₹16,999"
"realme 9 Pro+ 5G (Aurora Green, 128 GB)","₹24,999",4.4,"29,525 Ratings & 3,620 Reviews","₹27,999"
"Infinix Note 11 (Glacier Green, 128 GB)","₹11,899",4.2,"9,622 Ratings & 1,158 Reviews","₹16,999"
Nokia 110 DS,"₹1,716",3.9,309 Ratings & 16 Reviews,"₹1,796"
"APPLE iPhone 12 (White, 128 GB)","₹53,999",4.6,"1,84,547 Ratings & 12,591 Reviews","₹64,900"
"POCO M4 Pro (Yellow, 128 GB)","₹17,999",4.3,"10,988 Ratings & 957 Reviews","₹21,999"
"OPPO A15S (Fancy white, 128 GB)","₹11,138",4.3,"5,247 Ratings & 284 Reviews","₹11,480"
"SAMSUNG Galaxy M32 (Black, 64 GB)","₹13,388",4.2,"3,879 Ratings & 392 Reviews","₹13,588"
"SAMSUNG Galaxy F23 5G (Aqua Blue, 128 GB)","₹17,499",4.2,"29,004 Ratings & 2,324 Reviews","₹22,999"
Nokia 150 TA-1235 DS,"₹2,649",4.1,"11,553 Ratings & 851 Reviews",
Itel It2171,₹989,4.1,"3,354 Ratings & 309 Reviews","₹1,030"
"SAMSUNG Galaxy S21 FE 5G (Olive, 128 GB)","₹54,999",4.4,"25,114 Ratings & 2,570 Reviews","₹74,999"
"realme C20 (Cool Grey, 32 GB)","₹7,499",4.4,"2,94,733 Ratings & 14,042 Reviews","₹7,999"
"POCO M3 (Yellow, 64 GB)","₹11,490",4.3,"1,23,929 Ratings & 8,918 Reviews","₹11,999"
"realme C21Y (Cross Black, 64 GB)","₹10,499",4.5,"2,52,450 Ratings & 9,537 Reviews","₹10,999"
Motorola a70,"₹1,975",4.1,"1,350 Ratings & 142 Reviews",
"realme C21Y (Cross Blue, 64 GB)","₹10,499",4.5,"2,52,450 Ratings & 9,537 Reviews","₹10,999"
,,,,
,,,,
"APPLE iPhone 12 (Red, 128 GB)","₹53,999",4.6,"1,84,547 Ratings & 12,591 Reviews","₹64,900"
Kechaoda K55,"₹1,135",3.9,153 Ratings & 7 Reviews,
"SAMSUNG Galaxy M32 (Light Blue, 128 GB)","₹14,325",4.2,"3,877 Ratings & 349 Reviews","₹14,949"
"POCO M5 (Power Black, 128 GB)","₹14,499",4.3,859 Ratings & 58 Reviews,"₹18,999"
Kechaoda K55,"₹1,190",3.9,153 Ratings & 7 Reviews,"₹1,300"
"MOTOROLA edge 30 (Aurora Green, 128 GB)","₹27,999",4.2,"5,218 Ratings & 780 Reviews","₹30,999"
"SAMSUNG Galaxy S21 FE 5G (Graphite, 128 GB)","₹54,999",4.4,"25,114 Ratings & 2,570 Reviews","₹74,999"
"realme GT Neo 3T (Dash Yellow, 256 GB)","₹33,999",4.3,"5,299 Ratings & 616 Reviews","₹38,999"
"realme GT Neo 3T (Dash Yellow, 128 GB)","₹29,999",4.3,"9,486 Ratings & 1,153 Reviews","₹34,999"
"realme Narzo 30 5G (Racing Silver, 64 GB)","₹14,999",4.3,"10,188 Ratings & 942 Reviews","₹15,999"
LAVA A1,"₹1,049",4.2,"20,242 Ratings & 1,914 Reviews",
"APPLE iPhone 12 Mini (Red, 64 GB)","₹43,999",4.5,"1,17,838 Ratings & 9,412 Reviews","₹59,900"
Motorola a10,"₹1,529",4.2,"4,705 Ratings & 557 Reviews",
Kechaoda K112,"₹1,749",4,"18,596 Ratings & 1,989 Reviews",
LAVA A3,"₹1,387",4.2,"18,802 Ratings & 2,092 Reviews",
SAMSUNG Guru GT,"₹1,599",4.1,"2,819 Ratings & 183 Reviews",
"APPLE iPhone 12 Mini (Blue, 128 GB)","₹48,999",4.5,"1,17,838 Ratings & 9,412 Reviews","₹64,900"
"REDMI 9i (Midnight Black, 64 GB)","₹8,999",4.3,"5,73,951 Ratings & 33,955 Reviews","₹9,999"
"Redmi Note 11 (Horizon Blue, 64 GB)","₹12,990",4.2,"7,940 Ratings & 640 Reviews","₹13,783"
KARBONN KX3,₹999,4,"1,807 Ratings & 122 Reviews",
KARBONN KX3,₹999,3.9,"7,983 Ratings & 620 Reviews",
BlackZone ECO X,"₹1,449",4,"7,544 Ratings & 495 Reviews","₹1,470"
BlackZone ECO X,"₹1,449",4,"7,544 Ratings & 495 Reviews","₹1,470"
"Tecno Spark 9T (Atlantic Blue, 64 GB)","₹9,587",4.3,29 Ratings & 2 Reviews,
,,,,
,,,,
BlackZone B310,₹859,3.8,"3,258 Ratings & 260 Reviews",
ANGAGE A2163,₹768,3.8,113 Ratings & 24 Reviews,
"realme C21Y (Cross Black, 32 GB)","₹9,499",4.6,"88,908 Ratings & 3,065 Reviews","₹9,999"
"realme 8s 5G (Universe Purple, 128 GB)","₹19,999",4.4,"53,007 Ratings & 4,756 Reviews","₹22,999"
Kechaoda A26,"₹1,099",4.1,"13,469 Ratings & 992 Reviews","₹1,190"
"Redmi Note 11 (Space Black, 64 GB)","₹11,498",4.2,"8,229 Ratings & 760 Reviews",
Motorola a10,"₹1,529",4.2,"4,705 Ratings & 557 Reviews",
"Redmi Note 11 (Horizon Blue, 128 GB)","₹15,180",4.2,"7,940 Ratings & 640 Reviews","₹15,370"
"vivo Y16 (Steller Black, 32 GB)","₹9,999",4.2,243 Ratings & 19 Reviews,"₹12,999"
LAVA A1,"₹1,049",4.2,"20,242 Ratings & 1,914 Reviews",
Kechaoda K66 The Music House 4,"₹1,190",3.9,"14,706 Ratings & 1,157 Reviews","₹1,250"
"Redmi Note 11 (Horizon Blue, 64 GB)","₹12,990",4.2,"7,940 Ratings & 640 Reviews","₹13,783"
"Redmi Note 11 (Starburst White, 64 GB)","₹12,989",4.2,"8,229 Ratings & 760 Reviews","₹13,989"
"APPLE iPhone 13 (Pink, 256 GB)","₹74,999",4.7,"1,59,295 Ratings & 8,650 Reviews","₹79,900"
Nokia 110 TA-1302 DS,"₹1,795",4,"24,378 Ratings & 1,926 Reviews",
KARBONN KX3,₹999,3.9,"7,983 Ratings & 620 Reviews",
"realme C21Y (Cross Blue, 64 GB)","₹10,499",4.5,"2,52,450 Ratings & 9,537 Reviews","₹10,999"
"REDMI Note 10T 5G (Metallic Blue, 64 GB)","₹14,999",4.3,"42,543 Ratings & 3,073 Reviews","₹16,999"
"APPLE iPhone 12 Mini (Red, 64 GB)","₹43,999",4.5,"1,17,838 Ratings & 9,412 Reviews","₹59,900"
BlackZone ECO X,"₹1,449",4,"7,544 Ratings & 495 Reviews","₹1,470"
"Tecno Spark Go 2022 (ice silver, 32 GB)","₹6,799",4.2,636 Ratings & 50 Reviews,"₹6,930"
Kechaoda A26,"₹1,086",4.1,"13,469 Ratings & 992 Reviews",
"REDMI A1 (Black, 32 GB)","₹6,700",4.2,646 Ratings & 40 Reviews,
"vivo T1 Pro 5G (Turbo Black, 128 GB)","₹24,999",4.3,"12,937 Ratings & 1,371 Reviews","₹30,990"
,,,,
,,,,
"REDMI A1+ (Light Green, 32 GB)","₹7,499",4.2,332 Ratings & 21 Reviews,"₹9,999"
"realme 8s 5G (Universe Blue, 128 GB)","₹19,999",4.4,"53,007 Ratings & 4,756 Reviews","₹22,999"
"realme 8s 5G (Universe Purple, 128 GB)","₹19,999",4.4,"53,007 Ratings & 4,756 Reviews","₹22,999"
"realme 8s 5G (Universe Blue, 128 GB)","₹17,999",4.4,"75,567 Ratings & 6,146 Reviews","₹20,999"
"SAMSUNG Galaxy F12 (Sky Blue, 128 GB)","₹11,499",4.3,"2,95,521 Ratings & 23,454 Reviews","₹13,999"
"IQOO 7 5G (Solid Ice Blue, 128 GB)","₹24,990",4.4,139 Ratings & 28 Reviews,"₹34,990"
"IQOO Z6 Lite 5G (Without Charger) (Stellar Green, 128 GB)","₹15,890",4.1,211 Ratings & 16 Reviews,
"REDMI A1 (Black, 32 GB)","₹6,700",4.2,646 Ratings & 40 Reviews,
"Infinix Hot 11S (Polar Black, 64 GB)","₹9,999",4.3,"45,584 Ratings & 4,919 Reviews","₹13,999"
"APPLE iPhone 13 (Green, 256 GB)","₹74,999",4.7,"1,59,295 Ratings & 8,650 Reviews","₹79,900"
"realme C30s (Stripe Blue, 64 GB)","₹8,999",4.2,"1,077 Ratings & 77 Reviews","₹11,999"
"APPLE iPhone 13 (Blue, 256 GB)","₹74,999",4.7,"1,59,295 Ratings & 8,650 Reviews","₹79,900"
"Infinix Note 12 TURBO (Snowfall, 128 GB)","₹13,999",4.2,"6,232 Ratings & 819 Reviews","₹19,999"
"Infinix Note 12 TURBO (Sapphire Blue, 128 GB)","₹13,999",4.2,"6,232 Ratings & 819 Reviews","₹19,999"
"REDMI Note 11 (Space Black, 64 GB)","₹12,770",4.3,83 Ratings & 8 Reviews,
"REDMI Note 11 (Horizon Blue, 64 GB)","₹12,490",4.3,83 Ratings & 8 Reviews,
Motorola a10,"₹1,525",4.2,"4,705 Ratings & 557 Reviews",
"SAMSUNG Galaxy S21 FE 5G (White, 128 GB)","₹54,999",4.4,"25,114 Ratings & 2,570 Reviews","₹74,999"
"IQOO Z6 Lite 5G (Without Charger) (Mystic Night, 64 GB)","₹14,347",4.3,143 Ratings & 9 Reviews,"₹14,388"
Nokia 125 DS 2020,"₹2,199",3.9,"5,687 Ratings & 389 Reviews","₹2,399"
"vivo Y22 (Metaverse Green, 64 GB)","₹14,499",4.3,211 Ratings & 13 Reviews,"₹17,990"
KARBONN K9,"₹1,380",4.1,"7,503 Ratings & 639 Reviews",
Kechaoda K115,"₹1,130",4.1,"28,021 Ratings & 2,184 Reviews",
Kechaoda K115,"₹1,249",4.1,"28,021 Ratings & 2,184 Reviews",
,,,,
,,,,
"SAMSUNG Galaxy S21 FE 5G (White, 128 GB)","₹54,999",4.4,"25,114 Ratings & 2,570 Reviews","₹74,999"
Kechaoda K115,"₹1,149",4.1,"28,021 Ratings & 2,184 Reviews","₹1,199"
BlackZone B310,₹859,3.8,"3,258 Ratings & 260 Reviews",
ANGAGE A2163,₹768,3.8,113 Ratings & 24 Reviews,
Motorola a10,"₹1,525",4.2,"4,705 Ratings & 557 Reviews",
"REDMI Note 11 Pro (Phantom White, 128 GB)","₹18,450",4.1,855 Ratings & 71 Reviews,"₹18,885"
"APPLE iPhone 13 (Blue, 256 GB)","₹74,999",4.7,"1,59,295 Ratings & 8,650 Reviews","₹79,900"
"APPLE iPhone 12 Mini (Blue, 128 GB)","₹48,999",4.5,"1,17,838 Ratings & 9,412 Reviews","₹64,900"
"REDMI 11 Prime (Flashy Black, 64 GB)","₹11,699",,,
"vivo Y22 (Metaverse Green, 64 GB)","₹14,499",4.3,211 Ratings & 13 Reviews,"₹17,990"
"realme C30s (Stripe Black, 64 GB)","₹8,999",4.2,"1,077 Ratings & 77 Reviews","₹11,999"
"IQOO Z6 Lite 5G (Without Charger) (Mystic Night, 64 GB)","₹14,347",4.3,143 Ratings & 9 Reviews,"₹14,388"
LAVA A3,"₹1,387",4.2,"18,802 Ratings & 2,092 Reviews",
Kechaoda K115,"₹1,138",4.1,"28,021 Ratings & 2,184 Reviews",
"vivo V25 5G (Elegant Black, 128 GB)","₹27,999",4.3,"4,726 Ratings & 480 Reviews","₹32,999"
Kechaoda K115,"₹1,249",,,
"APPLE iPhone 11 (Yellow, 128 GB)","₹45,999",4.6,"1,67,785 Ratings & 9,983 Reviews","₹48,900"
KARBONN KX3,₹999,4,"1,807 Ratings & 122 Reviews",
Kechaoda K115,"₹1,139",4.1,"28,021 Ratings & 2,184 Reviews","₹1,149"
"vivo y15s (MYSTIC BLUE, 32 GB)","₹9,899",4.3,"3,125 Ratings & 232 Reviews",
LAVA A5,"₹1,429",4.1,"12,150 Ratings & 1,156 Reviews",
"Infinix Note 11s Free Fire Edition (Haze Green, 128 GB)","₹13,999",4.2,"6,824 Ratings & 921 Reviews","₹18,999"
KARBONN KX3S,"₹1,089",,,
Kechaoda A26,"₹1,049",4.1,"13,469 Ratings & 992 Reviews","₹1,059"
,,,,
,,,,
"vivo V25 5G (Surfing Blue, 128 GB)","₹27,999",4.3,"4,726 Ratings & 480 Reviews","₹32,999"
"POCO M2 Pro (Two Shades of Black, 64 GB)","₹13,990",4.3,"2,47,982 Ratings & 24,411 Reviews",
"Infinix Note 12 TURBO (Snowfall, 128 GB)","₹13,999",4.2,"6,232 Ratings & 819 Reviews","₹19,999"
LAVA A1 2021,"₹1,129",4.1,"1,801 Ratings & 172 Reviews",
BlackZone B310,₹859,3.8,"3,258 Ratings & 260 Reviews",
ANGAGE A2163,₹768,3.8,113 Ratings & 24 Reviews,
"realme Narzo 50A (Oxygen Blue, 64 GB)","₹11,499",4.4,"3,35,533 Ratings & 21,991 Reviews","₹12,999"
Snexian Rock,"₹1,399",4,"11,446 Ratings & 729 Reviews",
"REDMI Note 10T 5G (Graphite Black, 64 GB)","₹14,999",4.3,"42,543 Ratings & 3,073 Reviews","₹16,999"
"IQOO 7 5G (Storm Black, 256 GB)","₹27,990",4.8,37 Ratings & 2 Reviews,
"REDMI 9i (Midnight Black, 64 GB)","₹8,999",4.3,"5,73,951 Ratings & 33,955 Reviews","₹9,999"
"REDMI 11 Prime (Peppy Purple, 64 GB)","₹11,699",4.3,11 Ratings & 0 Reviews,"₹11,899"
"REDMI Note 11 Pro (Stealth Black, 128 GB)","₹19,988",4.1,548 Ratings & 39 Reviews,"₹22,285"
"REDMI Note 11T 5G (Matte black, 128 GB)","₹18,834",4.2,"2,446 Ratings & 204 Reviews",
Itel it2163S,₹999,4,387 Ratings & 35 Reviews,
"Infinix Note 11s (Symphony Cyan, 64 GB)","₹11,999",4.3,"11,474 Ratings & 1,535 Reviews","₹16,999"
"realme 9 5G SE (Starry Glow, 128 GB)","₹19,999",4.4,"22,707 Ratings & 1,876 Reviews","₹24,999"
SAMSUNG Guru 1200,"₹1,640",4.1,"6,772 Ratings & 487 Reviews","₹1,660"
"SAMSUNG Galaxy F23 5G (Copper Blush, 128 GB)","₹17,499",4.2,"29,004 Ratings & 2,324 Reviews","₹22,999"
"OPPO A16 (Crystal Black, 64 GB)","₹12,990",4.3,"3,512 Ratings & 250 Reviews","₹15,990"
"SAMSUNG Galaxy F12 (Sky Blue, 128 GB)","₹11,499",4.3,"2,95,521 Ratings & 23,454 Reviews","₹13,999"
"REDMI Note 11T 5G (Stardust White, 128 GB)","₹17,988",4.2,"4,932 Ratings & 406 Reviews",
"Tecno Camon 19 (Eco Black, 128 GB)","₹15,097",4.2,103 Ratings & 9 Reviews,"₹15,189"
"Infinix Note 11 (Graphite Black, 128 GB)","₹11,899",4.2,"9,622 Ratings & 1,158 Reviews","₹16,999"
,,,,
,,,,
"POCO X4 Pro 5G (Laser Black, 64 GB)","₹18,999",4.1,"52,113 Ratings & 5,290 Reviews","₹22,999"
"Tecno Camon 19 (Eco Black, 128 GB)","₹15,097",4.2,103 Ratings & 9 Reviews,"₹15,189"
Kechaoda A26,"₹1,047",4.1,"13,469 Ratings & 992 Reviews","₹1,069"
"REDMI 10 Prime 2022 (Phantom Black, 64 GB)","₹11,659",4.2,"2,685 Ratings & 185 Reviews","₹11,890"
Kechaoda K115,"₹1,138",4.1,"28,021 Ratings & 2,184 Reviews",
I Kall K100,₹704,3.3,"5,295 Ratings & 510 Reviews",
KARBONN K140 Pop,"₹1,090",3.9,"5,196 Ratings & 449 Reviews",
"MOTOROLA G40 Fusion (Dynamic Gray, 128 GB)","₹13,499",4.2,"54,656 Ratings & 5,916 Reviews","₹19,999"
"realme 9 Pro+ 5G (Sunrise Blue, 128 GB)","₹24,999",4.4,"29,525 Ratings & 3,620 Reviews","₹27,999"
"realme Narzo 30 (Racing Silver, 64 GB)","₹14,499",4.3,"75,624 Ratings & 6,010 Reviews","₹15,999"
"realme Narzo 30 (Racing Silver, 128 GB)","₹15,499",4.3,"75,624 Ratings & 6,010 Reviews","₹16,999"
"realme Narzo 30 (Racing Blue, 128 GB)","₹15,499",4.3,"75,624 Ratings & 6,010 Reviews","₹16,999"
"Itel A27 (Deep Grey, 32 GB)","₹5,345",4,588 Ratings & 42 Reviews,
"Infinix Note 11s (Symphony Cyan, 64 GB)","₹11,999",4.3,"11,474 Ratings & 1,535 Reviews","₹16,999"
Nokia 125 TA-1253 DS,"₹2,198",4,"2,668 Ratings & 184 Reviews","₹2,390"
"Infinix Note 11s (Haze Green, 64 GB)","₹11,999",4.3,"11,474 Ratings & 1,535 Reviews","₹16,999"
"Redmi Note 11 (Starburst White, 64 GB)","₹13,399",4.2,"7,940 Ratings & 640 Reviews",
Nokia 110 DS,"₹1,715",3.9,309 Ratings & 16 Reviews,"₹1,737"
Nokia 110 DS,"₹1,839",3.9,309 Ratings & 16 Reviews,"₹1,864"
"POCO X4 Pro 5G (Yellow, 64 GB)","₹18,999",4.1,"52,113 Ratings & 5,290 Reviews","₹22,999"
Kechaoda K55 Pro,"₹1,250",4,461 Ratings & 31 Reviews,
"realme Narzo 50A (Oxygen Green, 64 GB)","₹11,499",4.4,"3,35,533 Ratings & 21,991 Reviews","₹12,999"
"POCO X4 Pro 5G (Laser Blue, 64 GB)","₹18,999",4.1,"52,113 Ratings & 5,290 Reviews","₹22,999"
"realme 8 5G (Supersonic Blue, 64 GB)","₹15,499",4.3,"75,413 Ratings & 6,010 Reviews","₹15,999"
,,,,
,,,,
"REDMI 9i (Sea Blue, 64 GB)","₹8,999",4.3,"5,73,951 Ratings & 33,955 Reviews","₹9,999"
"Redmi Note 11 PRO Plus 5G (Stealth Black, 128 GB)","₹20,698",4.2,"4,463 Ratings & 394 Reviews",
"OnePlus Nord 2T 5G (Gray Shadow, 128 GB)","₹28,999",4.4,"3,828 Ratings & 392 Reviews",
Snexian Rock,"₹1,399",4,"11,446 Ratings & 729 Reviews",
"REDMI A1 (Light Green, 32 GB)","₹6,590",4.2,646 Ratings & 40 Reviews,
"vivo T1 Pro 5G (Turbo Black, 128 GB)","₹28,990",4.3,"6,596 Ratings & 637 Reviews",
LAVA A1,"₹1,049",4.2,"1,07,065 Ratings & 11,407 Reviews",
KARBONN K310i,₹920,3.7,274 Ratings & 19 Reviews,
Micromax X416,"₹1,053",4,447 Ratings & 45 Reviews,
"REDMI 9 Prime (Space Blue, 64 GB)","₹11,190",4.4,"2,26,075 Ratings & 15,257 Reviews",
Micromax X416,"₹1,070",4,447 Ratings & 45 Reviews,
"Tecno Pova 3 (Tech Silver, 64 GB)","₹11,225",4.4,119 Ratings & 9 Reviews,"₹11,279"
"Infinix Note 11s Free Fire Edition (Haze Green, 128 GB)","₹13,999",4.2,"6,824 Ratings & 921 Reviews","₹18,999"
"vivo Y53s (Deep Sea Blue, 128 GB)","₹15,490",4.3,"17,755 Ratings & 1,522 Reviews","₹22,990"
"vivo Y35 (Dawn Gold, 128 GB)","₹18,489",4.4,754 Ratings & 51 Reviews,
"realme 9 Pro+ 5G (Midnight Black, 128 GB)","₹24,999",4.4,"29,525 Ratings & 3,620 Reviews","₹27,999"
"OPPO A16 (Pearl Blue, 64 GB)","₹12,990",4.3,"3,512 Ratings & 250 Reviews","₹15,990"
"realme 9 Pro+ 5G (Sunrise Blue, 128 GB)","₹26,999",4.4,"25,497 Ratings & 2,929 Reviews","₹29,999"
"realme 9 Pro+ 5G (Midnight Black, 128 GB)","₹26,999",4.4,"25,497 Ratings & 2,929 Reviews","₹29,999"
"Itel Vision 3 (Deep Ocean Black, 64 GB)","₹6,999",4,346 Ratings & 41 Reviews,
Cellecor X50+,"₹1,599",3.5,16 Ratings & 2 Reviews,
"Infinix Smart 5A (Midnight Black, 32 GB)","₹7,199",4.3,"77,653 Ratings & 5,345 Reviews","₹7,999"
Cellecor E6+,"₹1,329",3.4,23 Ratings & 1 Reviews,
Nokia 105 PLUS SS,"₹1,419",3.9,176 Ratings & 16 Reviews,
,,,,
,,,,
LAVA A1 2021,"₹1,129",4.1,"1,801 Ratings & 172 Reviews",
"REDMI 9i (Sea Blue, 64 GB)","₹8,999",4.3,"5,73,951 Ratings & 33,955 Reviews","₹9,999"
BlackZone B310,₹859,3.8,"3,258 Ratings & 260 Reviews",
ANGAGE A2163,₹768,3.8,113 Ratings & 24 Reviews,
"vivo T1 Pro 5G (Turbo Black, 128 GB)","₹28,990",4.3,"6,596 Ratings & 637 Reviews",
Nokia 125 TA-1253 DS,"₹2,198",4,"2,668 Ratings & 184 Reviews","₹2,390"
"Tecno Pova 3 (Tech Silver, 64 GB)","₹11,225",4.4,119 Ratings & 9 Reviews,"₹11,279"
Motorola a50,"₹1,695",4.1,"1,320 Ratings & 127 Reviews",
"vivo Y53s (Deep Sea Blue, 128 GB)","₹15,490",4.3,"17,755 Ratings & 1,522 Reviews","₹22,990"
KARBONN K310i,₹920,3.7,274 Ratings & 19 Reviews,
"vivo Y35 (Dawn Gold, 128 GB)","₹18,489",4.4,754 Ratings & 51 Reviews,
"Tecno Pop 5 Pro (Deepsea Luster, 32 GB)","₹7,798",4.2,325 Ratings & 24 Reviews,"₹7,947"
"Tecno Pop 5 Pro (Ice Blue, 32 GB)","₹7,895",4.2,325 Ratings & 24 Reviews,"₹8,087"
Kechaoda K-22,₹990,4,55 Ratings & 5 Reviews,₹999
"vivo V23e 5G (Sunshine Gold, 128 GB)","₹22,590",4.2,"1,557 Ratings & 149 Reviews",
"APPLE iPhone 13 Pro Max (Alpine Green, 256 GB)","₹1,39,900",4.6,"1,714 Ratings & 168 Reviews",
Kechaoda A10,"₹1,299",,,
Cellecor E6+,"₹1,329",3.4,23 Ratings & 1 Reviews,
"Infinix Note 11s (Mithril Grey, 64 GB)","₹11,999",4.3,"11,474 Ratings & 1,535 Reviews","₹16,999"
GREENBERRI F1,"₹1,499",3.9,"1,353 Ratings & 97 Reviews",
SAMSUNG Guru Music 2,"₹2,160",4.2,"1,796 Ratings & 125 Reviews",
"Infinix Smart 5A (Midnight Black, 32 GB)","₹7,199",4.3,"77,653 Ratings & 5,345 Reviews","₹7,999"
"APPLE iPhone 14 Plus (Starlight, 128 GB)","₹89,900",4.5,171 Ratings & 17 Reviews,
"REDMI Note 10T 5G (Graphite Black, 64 GB)","₹14,999",4.3,"42,543 Ratings & 3,073 Reviews","₹16,999"
,,,,
,,,,
"POCO M2 Pro (Green and Greener, 64 GB)","₹13,999",4.3,"2,47,982 Ratings & 24,411 Reviews","₹16,999"
Kechaoda K115,"₹1,125",4.1,"28,021 Ratings & 2,184 Reviews","₹1,130"
"Infinix Note 11 (Glacier Green, 64 GB)","₹12,499",4.3,"37,631 Ratings & 4,537 Reviews","₹14,999"
"LAVA Z2 Max (Stroked Blue, 32 GB)","₹7,799",4.2,294 Ratings & 55 Reviews,"₹8,449"
Itel IT2163,"₹1,089",4.1,"12,391 Ratings & 1,031 Reviews","₹1,099"
"OnePlus Nord CE 2 Lite 5G (Black Dusk, 128 GB)","₹19,699",4.4,"31,795 Ratings & 2,696 Reviews","₹19,999"
"vivo Y21G (Diamond Glow, 64 GB)","₹13,499",4.3,"1,798 Ratings & 152 Reviews","₹17,990"
"REDMI 9 Prime (Matte Black, 128 GB)","₹12,490",4.4,"2,26,075 Ratings & 15,257 Reviews","₹12,990"
"Infinix Hot 11S (Green Wave, 64 GB)","₹9,999",4.3,"45,584 Ratings & 4,919 Reviews","₹13,999"
"MOTOROLA e32 (Arctic Blue, 64 GB)","₹9,999",4.1,52 Ratings & 8 Reviews,"₹11,999"
Motorola a50,"₹1,695",4.1,"1,320 Ratings & 127 Reviews",
"APPLE iPhone 12 Mini (Green, 256 GB)","₹58,999",4.5,"1,17,838 Ratings & 9,412 Reviews","₹74,900"
"REDMI A1+ (Black, 32 GB)","₹8,499",4,145 Ratings & 13 Reviews,"₹10,999"
Snexian BOLD,"₹1,199",3.9,781 Ratings & 28 Reviews,
BlackZone B310,₹859,3.8,"3,258 Ratings & 260 Reviews",
SAMSUNG Metro 313,"₹2,840",4.2,"1,429 Ratings & 140 Reviews",
"IQOO Z6 44W (Lumina Blue, 128 GB)","₹15,495",4.2,441 Ratings & 39 Reviews,"₹19,999"
"Xiaomi 11i 5G (Purple Mist, 128 GB)","₹24,999",4.2,"36,361 Ratings & 4,503 Reviews","₹29,999"
KARBONN K110i,₹960,3.6,18 Ratings & 2 Reviews,
Snexian Rock,"₹1,399",4,"11,446 Ratings & 729 Reviews",
"Infinix Note 11s (Mithril Grey, 64 GB)","₹11,999",4.3,"11,474 Ratings & 1,535 Reviews","₹16,999"
Itel Power 430,"₹1,637",3.1,17 Ratings & 2 Reviews,
"Redmi Note 11 (Horizon Blue, 128 GB)","₹15,299",4.2,"7,940 Ratings & 640 Reviews","₹15,999"
"REDMI Note 11S (Horizon Blue, 128 GB)","₹16,439",4.1,652 Ratings & 64 Reviews,
,,,,
,,,,
GREENBERRI F1,"₹1,499",3.9,"1,353 Ratings & 97 Reviews",
Energizer M1,₹799,3.6,445 Ratings & 30 Reviews,
"APPLE iPhone 13 Pro Max (Alpine Green, 256 GB)","₹1,39,900",4.6,"1,714 Ratings & 168 Reviews",
"realme Narzo 30 (Racing Blue, 64 GB)","₹13,499",4.4,"1,05,581 Ratings & 8,930 Reviews","₹14,999"
"REDMI A1+ (Light Blue, 32 GB)","₹7,499",4.2,332 Ratings & 21 Reviews,"₹9,999"
"Tecno Camon 19 (Sea Salt White, 128 GB)","₹15,397",4.2,103 Ratings & 9 Reviews,"₹15,398"
"realme C25s (Watery Grey, 128 GB)","₹11,999",4.4,"50,306 Ratings & 2,918 Reviews",
Lava Pulse1- with contactless Talking Thermometer,"₹1,521",4.1,431 Ratings & 41 Reviews,"₹2,200"
Kechaoda K9,"₹1,499",4.1,"2,518 Ratings & 237 Reviews",
"Tecno Pop 5 Pro (Ice Blue, 32 GB)","₹7,895",4.2,325 Ratings & 24 Reviews,"₹8,087"
"Tecno Pop 5 Pro (Deepsea Luster, 32 GB)","₹7,798",4.2,325 Ratings & 24 Reviews,"₹7,947"
"vivo T1 Pro 5G (Turbo Cyan, 128 GB)","₹23,999",4.3,"6,596 Ratings & 637 Reviews","₹28,990"
"realme 9 Pro+ 5G (Midnight Black, 256 GB)","₹28,999",4.4,"25,497 Ratings & 2,929 Reviews","₹31,999"
"realme 9 Pro+ 5G (Aurora Green, 256 GB)","₹28,999",4.4,"25,497 Ratings & 2,929 Reviews","₹31,999"
"realme 9 Pro+ 5G (Sunrise Blue, 256 GB)","₹28,999",4.4,"25,497 Ratings & 2,929 Reviews","₹31,999"
"REDMI Note 10S (Frost White, 64 GB)","₹14,999",4.4,"80,663 Ratings & 5,471 Reviews","₹16,999"
"APPLE iPhone 13 (Midnight, 256 GB)","₹74,999",4.7,"1,59,295 Ratings & 8,650 Reviews","₹79,900"
"realme 8i (Space Purple, 64 GB)","₹13,999",4.5,"1,70,503 Ratings & 10,784 Reviews","₹15,999"
"SAMSUNG Galaxy M12 (Black, 64 GB)","₹11,998",4.2,"16,330 Ratings & 1,202 Reviews","₹12,900"
Kechaoda K-22,₹990,4,55 Ratings & 5 Reviews,₹999
"Tecno Pova 3 (Electric Blue, 64 GB)","₹12,490",4.4,119 Ratings & 9 Reviews,
"Itel Vision3 (Jewel Blue, 32 GB)","₹6,199",,,
Good One FLIP,"₹1,499",4,387 Ratings & 46 Reviews,
"APPLE iPhone 13 (Starlight, 256 GB)","₹74,999",4.7,"1,59,295 Ratings & 8,650 Reviews","₹79,900"
,,,,
,,,,
BlackZone B310,₹859,3.8,"3,258 Ratings & 260 Reviews",
ANGAGE A2163,₹768,3.8,113 Ratings & 24 Reviews,
Itel Power 430,"₹1,637",3.1,17 Ratings & 2 Reviews,
Energizer M1,₹799,3.6,445 Ratings & 30 Reviews,
"OPPO A54 (Starry Blue, 64 GB)","₹12,400",4.4,"10,611 Ratings & 656 Reviews","₹14,290"
Motorola a50,"₹1,695",4.1,"1,320 Ratings & 127 Reviews",
LAVA A1,"₹1,049",4.2,"1,07,065 Ratings & 11,407 Reviews",
Kechaoda A27,"₹1,049",4,"6,183 Ratings & 488 Reviews","₹1,075"
"vivo T1 Pro 5G (Turbo Cyan, 128 GB)","₹23,999",4.3,"6,596 Ratings & 637 Reviews","₹28,990"
"Tecno Camon 19 (Sea Salt White, 128 GB)","₹15,397",4.2,103 Ratings & 9 Reviews,"₹15,398"
"realme C25s (Watery Grey, 128 GB)","₹11,999",4.4,"50,306 Ratings & 2,918 Reviews",
Kechaoda K9,"₹1,499",4.1,"2,518 Ratings & 237 Reviews",
"Tecno Pova 3 (Eco Black, 128 GB)","₹13,999",4.1,114 Ratings & 9 Reviews,"₹14,498"
"REDMI A1+ (Light Blue, 32 GB)","₹7,499",4.2,332 Ratings & 21 Reviews,"₹9,999"
"REDMI 11 Prime 5G (Chrome Silver, 128 GB)","₹15,815",4.2,85 Ratings & 9 Reviews,
"APPLE iPhone 13 Mini (Blue, 256 GB)","₹68,990",4.5,"2,884 Ratings & 249 Reviews","₹74,900"
"realme 8i (Space Purple, 64 GB)","₹13,999",4.5,"1,70,503 Ratings & 10,784 Reviews","₹15,999"
"APPLE iPhone 13 (Midnight, 256 GB)","₹74,999",4.7,"1,59,295 Ratings & 8,650 Reviews","₹79,900"
"realme 9 Pro+ 5G (Midnight Black, 256 GB)","₹28,999",4.4,"25,497 Ratings & 2,929 Reviews","₹31,999"
Nokia 105 PLUS,"₹1,549",4.1,"4,187 Ratings & 297 Reviews","₹1,899"
Itel Power 110,"₹1,276",4.1,681 Ratings & 50 Reviews,
"Itel Vision3 (Jewel Blue, 32 GB)","₹6,199",,,
"realme Narzo 30 (Racing Blue, 64 GB)","₹13,499",4.4,"1,05,581 Ratings & 8,930 Reviews","₹14,999"
"REDMI A1+ (Light Blue, 32 GB)","₹8,499",4,145 Ratings & 13 Reviews,"₹10,999"
,,,,
,,,,
BlackZone B310,₹859,3.8,"3,258 Ratings & 260 Reviews",
ANGAGE A2163,₹768,3.8,113 Ratings & 24 Reviews,
Kechaoda K33,"₹1,130",4,"8,036 Ratings & 543 Reviews","₹1,150"
GREENBERRI F1,"₹1,499",3.9,"1,353 Ratings & 97 Reviews",
Kechaoda K33,"₹1,135",4,"8,036 Ratings & 543 Reviews",
Kechaoda K33,"₹1,130",4,"8,036 Ratings & 543 Reviews","₹1,140"
BlackZone B310,₹859,3.8,"3,258 Ratings & 260 Reviews",
"Tecno Spark 8C (Turquoise Cyan, 64 GB)","₹8,130",4.2,406 Ratings & 31 Reviews,"₹8,230"
"APPLE iPhone 12 Mini (Red, 256 GB)","₹58,999",4.5,"1,17,838 Ratings & 9,412 Reviews","₹74,900"
"REDMI Note 10S (Frost White, 64 GB)","₹14,999",4.4,"80,663 Ratings & 5,471 Reviews","₹16,999"
"POCO X3 Pro (Graphite Black, 128 GB)","₹21,999",4.3,"55,611 Ratings & 5,164 Reviews","₹25,999"
"APPLE iPhone 14 ((PRODUCT)RED, 128 GB)","₹79,900",4.6,442 Ratings & 31 Reviews,
"Redmi Note 11 (Horizon Blue, 64 GB)","₹13,395",4.2,"7,940 Ratings & 640 Reviews",
"vivo Y16 (Steller Black, 64 GB)","₹10,999",4.2,243 Ratings & 19 Reviews,"₹13,999"
"vivo Y75 (Dancing waves, 128 GB)","₹20,999",4.2,"1,203 Ratings & 108 Reviews","₹25,990"
LAVA A1 JOSH 2021,"₹1,189",3.8,10 Ratings & 1 Reviews,"₹1,199"
"APPLE iPhone 13 (Blue, 512 GB)","₹93,999",4.7,"1,59,295 Ratings & 8,650 Reviews","₹99,900"
Kechaoda K115,"₹1,130",4.1,"28,021 Ratings & 2,184 Reviews","₹1,150"
"APPLE iPhone 12 Mini (Black, 256 GB)","₹58,999",4.5,"1,17,838 Ratings & 9,412 Reviews","₹74,900"
Kechaoda A27,"₹1,067",4,"6,183 Ratings & 488 Reviews","₹1,069"
Kechaoda K66 The Music House 4,"₹1,200",3.9,"14,706 Ratings & 1,157 Reviews","₹1,300"
"vivo Y73 (Roman Black, 128 GB)","₹19,990",4.4,"9,865 Ratings & 876 Reviews","₹24,990"
Cellecor E8,"₹1,469",3.7,9 Ratings & 0 Reviews,
"APPLE iPhone 14 Plus (Purple, 256 GB)","₹99,900",4.5,171 Ratings & 17 Reviews,
,,,,
,,,,
"realme 8 (Cyber Black, 128 GB)","₹15,999",4.4,"1,20,631 Ratings & 10,599 Reviews","₹16,999"
Kechaoda K33 Rock,"₹1,249",4.8,9 Ratings & 0 Reviews,
"IQOO Z6 5G (Without Charger) (Dynamo black, 128 GB)","₹15,499",3.6,22 Ratings & 4 Reviews,
"OPPO A16k (Midnight Black, 32 GB)","₹9,150",4.3,606 Ratings & 37 Reviews,"₹9,280"
Kechaoda K55,"₹1,250",3.9,153 Ratings & 7 Reviews,"₹1,300"
"POCO X3 Pro (Graphite Black, 128 GB)","₹21,999",4.3,"55,611 Ratings & 5,164 Reviews","₹25,999"
"realme C25_Y (Glacier Blue, 128 GB)","₹11,999",4.5,"45,490 Ratings & 2,177 Reviews","₹13,999"
"realme 7 (Mist Blue, 64 GB)","₹17,999",4.4,"2,65,673 Ratings & 25,276 Reviews",
"realme 7 (Mist White, 64 GB)","₹17,999",4.4,"2,65,673 Ratings & 25,276 Reviews",
"Redmi 9A (Midnight Black, 32 GB)","₹7,798",4.3,"21,191 Ratings & 1,269 Reviews","₹7,818"
"MOTOROLA G40 Fusion (Frosted Champagne, 64 GB)","₹14,499",4.2,"32,732 Ratings & 3,692 Reviews","₹16,999"
"APPLE iPhone 14 (Midnight, 128 GB)","₹79,900",4.6,442 Ratings & 31 Reviews,
Kechaoda K116,"₹1,199",3.9,"5,966 Ratings & 467 Reviews",
Nokia 105DS PLUS,"₹1,548",4.1,182 Ratings & 13 Reviews,"₹1,559"
"realme 9 Pro+ 5G (Aurora Green, 128 GB)","₹26,999",4.4,"25,497 Ratings & 2,929 Reviews","₹29,999"
"SAMSUNG Galaxy F12 (Sky Blue, 64 GB)","₹10,449",4.3,"2,95,521 Ratings & 23,454 Reviews","₹10,450"
"POCO M3 Pro 5G (Cool Blue, 128 GB)","₹16,499",4.2,"51,734 Ratings & 4,394 Reviews","₹17,999"
"IQOO Z6 44W (Lumina Blue, 128 GB)","₹17,499",4.4,120 Ratings & 6 Reviews,
"OnePlus Nord 2 5G (Gray Sierra, 128 GB)","₹28,999",4.4,"1,767 Ratings & 175 Reviews",
"MOTOROLA G60 (Dynamic Gray, 128 GB)","₹14,999",4.2,"1,27,376 Ratings & 12,912 Reviews","₹21,999"
LAVA A5,"₹1,410",4.1,"12,150 Ratings & 1,156 Reviews","₹1,590"
"SAMSUNG GALAXY M13 5G (?Stardust Brown, 128 GB)","₹14,990",4.1,135 Ratings & 7 Reviews,"₹15,499"
LAVA Hero Punch,"₹1,249",4.1,"1,330 Ratings & 105 Reviews",
"OnePlus 10R 5G (Sierra Black, 256 GB)","₹38,999",4.2,574 Ratings & 46 Reviews,"₹42,999"
,,,,
,,,,
Good One FLIP,"₹1,399",4,387 Ratings & 46 Reviews,
Kechaoda K33 Rock,"₹1,249",4.8,9 Ratings & 0 Reviews,
BlackZone B310,₹859,3.8,"3,258 Ratings & 260 Reviews",
ANGAGE A2163,₹768,3.8,113 Ratings & 24 Reviews,
"Xiaomi 11i 5G (Pacific Pearl, 128 GB)","₹26,999",4.2,"19,652 Ratings & 2,471 Reviews","₹31,999"
"IQOO Z6 5G (Without Charger) (Dynamo black, 128 GB)","₹15,499",3.6,22 Ratings & 4 Reviews,
"realme 8 (Cyber Black, 128 GB)","₹15,999",4.4,"1,20,631 Ratings & 10,599 Reviews","₹16,999"
Muphone MU M360,"₹1,199",4.1,117 Ratings & 7 Reviews,
"Redmi 9A (Sea Blue, 32 GB)","₹8,350",4.3,"14,300 Ratings & 901 Reviews","₹8,525"
"OPPO A16k (Midnight Black, 32 GB)","₹9,150",4.3,606 Ratings & 37 Reviews,"₹9,280"
"APPLE iPhone 14 (Midnight, 128 GB)","₹79,900",4.6,442 Ratings & 31 Reviews,
"POCO X3 Pro (Graphite Black, 128 GB)","₹21,999",4.3,"55,611 Ratings & 5,164 Reviews","₹25,999"
LAVA Hero 600+,₹979,4.1,"7,741 Ratings & 705 Reviews",₹999
Kechaoda K116,"₹1,199",3.9,"5,966 Ratings & 467 Reviews",
Snexian BOLD,"₹1,199",3.9,781 Ratings & 28 Reviews,
"realme 8 (Cyber Silver, 128 GB)","₹15,999",4.4,"1,20,631 Ratings & 10,599 Reviews","₹16,999"
"Tecno Pop 5 LTE (Deepsea Luster, 32 GB)","₹6,695",4.2,541 Ratings & 36 Reviews,"₹6,696"
Kechaoda K9,"₹1,490",4.1,"2,518 Ratings & 237 Reviews",
"SAMSUNG GALAXY M13 5G (?Stardust Brown, 128 GB)","₹14,990",4.1,135 Ratings & 7 Reviews,"₹15,499"
LAVA Hero Punch,"₹1,249",4.1,"1,330 Ratings & 105 Reviews",
LAVA A5,"₹1,410",4.1,"12,150 Ratings & 1,156 Reviews","₹1,590"
"OnePlus Nord 2 5G (Gray Sierra, 128 GB)","₹28,999",4.4,"1,767 Ratings & 175 Reviews",
"IQOO Z6 44W (Lumina Blue, 128 GB)","₹17,499",4.4,120 Ratings & 6 Reviews,
"OnePlus Nord 2 5G (Blue Haze, 256 GB)","₹34,499",4.4,157 Ratings & 15 Reviews,
,,,,
,,,,
"SAMSUNG Galaxy F42 5G (Matte Aqua, 128 GB)","₹20,999",4.1,"10,318 Ratings & 994 Reviews","₹23,999"
GREENBERRI F1,"₹1,499",3.9,"1,353 Ratings & 97 Reviews",
"Tecno Camon 19 (Memphis Green, 128 GB)","₹15,184",4.2,103 Ratings & 9 Reviews,"₹15,277"
Nuvo FLASH,₹899,3.7,994 Ratings & 100 Reviews,
"Redmi Note 11 PRO Plus 5G (Mirage Blue, 256 GB)","₹23,639",4.2,"2,071 Ratings & 177 Reviews","₹23,998"
"Maplin Map-10 5G (Dark Blue, 64 GB)","₹9,488",,,"₹9,988"
"POCO F4 5G (Night Black, 128 GB)","₹29,999",4.3,"3,885 Ratings & 544 Reviews","₹34,999"
"SAMSUNG Galaxy A32 (Awesome Black, 128 GB)","₹17,990",4.1,"2,507 Ratings & 202 Reviews","₹18,490"
"Itel A23 Pro (Sapphire Blue, 8 GB)","₹3,990",3.7,"4,463 Ratings & 369 Reviews","₹3,999"
Micromax X413,"₹1,049",4,"2,646 Ratings & 223 Reviews",
Kechaoda K116,"₹1,399",3.9,"5,966 Ratings & 467 Reviews",
"POCO M4 5G (Yellow, 128 GB)","₹14,999",4.1,"19,287 Ratings & 1,571 Reviews","₹18,999"
"realme C21Y (Cross Blue, 32 GB)","₹9,499",4.6,"88,908 Ratings & 3,065 Reviews","₹9,999"
Muphone MU M360,"₹1,199",4.1,117 Ratings & 7 Reviews,
MTR MT310,₹749,3.8,661 Ratings & 54 Reviews,₹779
Itel Power 100 New,"₹1,315",4.2,729 Ratings & 48 Reviews,
"SAMSUNG M53 5G (Mystique Green, 128 GB)","₹24,990",4.2,230 Ratings & 24 Reviews,
LAVA Hero 600+,₹979,4.1,"7,741 Ratings & 705 Reviews",₹999
"Redmi 8 (Ruby Red, 64 GB)","₹10,999",4.4,"9,41,020 Ratings & 67,094 Reviews",
"APPLE iPhone 14 ((PRODUCT)RED, 128 GB)","₹79,900",4.6,442 Ratings & 31 Reviews,
DIZO Star 300,"₹1,449",3.9,"9,288 Ratings & 1,109 Reviews",
"APPLE iPhone 13 ((PRODUCT)RED, 256 GB)","₹74,999",4.7,"1,59,295 Ratings & 8,650 Reviews","₹79,900"
Kechaoda K33 Rock,"₹1,249",4.8,9 Ratings & 0 Reviews,
"MOTOROLA G60 (Dynamic Gray, 128 GB)","₹14,999",4.2,"1,27,376 Ratings & 12,912 Reviews","₹21,999"
,,,,
,,,,
BlackZone B310,₹859,3.8,"3,258 Ratings & 260 Reviews",
ANGAGE A2163,₹768,3.8,113 Ratings & 24 Reviews,
"Tecno Spark 8C (Magnet Black, 64 GB)","₹9,135",4.3,91 Ratings & 9 Reviews,"₹9,145"
"APPLE iPhone 14 ((PRODUCT)RED, 128 GB)","₹79,900",4.6,442 Ratings & 31 Reviews,
"OnePlus 10R 5G (Sierra Black, 256 GB)","₹38,999",,,"₹42,999"
Lava Pulse1- with contactless Talking Thermometer,"₹1,521",4.1,431 Ratings & 41 Reviews,"₹2,200"
"SAMSUNG Galaxy M32 (Black, 64 GB)","₹13,449",4.2,"3,879 Ratings & 392 Reviews","₹13,699"
"OPPO A77 (Sky Blue, 64 GB)","₹15,499",4.4,127 Ratings & 6 Reviews,"₹18,999"
"realme 8i (Space Purple, 128 GB)","₹15,999",4.4,"69,582 Ratings & 4,875 Reviews","₹17,999"
Itel Muzik 110,"₹1,249",4,293 Ratings & 28 Reviews,"₹1,299"
"Redmi Note 11 PRO Plus 5G (Phantom White, 128 GB)","₹21,479",4.2,"2,071 Ratings & 177 Reviews",
"Redmi Note 11 PRO Plus 5G (Mirage Blue, 128 GB)","₹22,449",4.2,"2,071 Ratings & 177 Reviews","₹26,990"
Itel Magic3 Smart Touch Keypad,"₹1,645",4,643 Ratings & 55 Reviews,"₹1,845"
"OPPO A12 (Deep Blue, 32 GB)","₹9,990",4.4,"74,718 Ratings & 4,495 Reviews","₹10,990"
"Redmi 8 (Ruby Red, 64 GB)","₹10,999",4.4,"9,41,020 Ratings & 67,094 Reviews",
"APPLE iPhone 14 ((PRODUCT)RED, 256 GB)","₹89,900",4.6,442 Ratings & 31 Reviews,
Nuvo FLASH,₹899,3.7,994 Ratings & 100 Reviews,
DIZO Star 300,"₹1,449",3.9,"9,288 Ratings & 1,109 Reviews",
"Xiaomi 11i 5G (Stealth Black, 128 GB)","₹24,999",4.2,"36,361 Ratings & 4,503 Reviews","₹29,999"
"APPLE iPhone 12 (Blue, 128 GB)","₹53,999",4.6,"1,84,547 Ratings & 12,591 Reviews","₹64,900"
Snexian Rock,"₹1,399",4,"11,446 Ratings & 729 Reviews",
"Itel A27 (Silver Purple, 32 GB)","₹5,289",4,588 Ratings & 42 Reviews,"₹5,299"
"realme GT 2 (Paper White, 256 GB)","₹38,999",4.3,"1,056 Ratings & 140 Reviews","₹44,999"
"Redmi 8 (Onyx Black, 64 GB)","₹10,999",4.4,"9,41,020 Ratings & 67,094 Reviews",
,,,,
,,,,
Muphone MU M360,"₹1,199",4.1,117 Ratings & 7 Reviews,
Kechaoda K115 PRO,"₹1,199",4.1,58 Ratings & 4 Reviews,
Itel Muzik 110,"₹1,249",4,293 Ratings & 28 Reviews,"₹1,299"
"realme C25_Y (Metal Grey, 128 GB)","₹11,999",4.5,"45,490 Ratings & 2,177 Reviews","₹13,999"
LAVA 34 Plus,"₹1,720",4.2,805 Ratings & 74 Reviews,
"REDMI Note 10T 5G (Metallic Blue, 128 GB)","₹16,999",4.2,"29,152 Ratings & 2,254 Reviews","₹18,999"
"APPLE iPhone 12 (Blue, 128 GB)","₹53,999",4.6,"1,84,547 Ratings & 12,591 Reviews","₹64,900"
"realme 8 (Cyber Silver, 128 GB)","₹15,999",4.4,"1,20,631 Ratings & 10,599 Reviews","₹16,999"
Itel Magic3 Smart Touch Keypad,"₹1,644",4,643 Ratings & 55 Reviews,"₹2,099"
"REDMI 11 Prime 5G (Meadow Green, 64 GB)","₹14,690",4.2,488 Ratings & 35 Reviews,
Kechaoda A18,"₹1,199",4,88 Ratings & 5 Reviews,
"OPPO A12 (Flowing Silver, 32 GB)","₹9,990",4.4,"74,718 Ratings & 4,495 Reviews","₹10,990"
"realme Narzo 50 Pro 5G (Hyper Black, 128 GB)","₹22,990",,,
"Itel Vision2S (Gradation Purple, 32 GB)","₹5,650",4,916 Ratings & 91 Reviews,"₹6,376"
"realme GT 2 (Steel Black, 256 GB)","₹38,999",4.3,"1,056 Ratings & 140 Reviews","₹44,999"
KARBONN K31 Star,"₹1,290",4.1,56 Ratings & 3 Reviews,"₹1,299"
"realme GT 2 (Paper White, 128 GB)","₹34,999",4.3,"4,771 Ratings & 634 Reviews","₹39,999"
"realme GT 2 (Steel Black, 128 GB)","₹34,999",4.3,"4,771 Ratings & 634 Reviews","₹39,999"
"Redmi Note 7S (Sapphire Blue, 64 GB)","₹13,999",4.4,"4,21,865 Ratings & 34,103 Reviews",
Kechaoda K116,"₹1,399",3.9,"5,966 Ratings & 467 Reviews",
Kechaoda K116,"₹1,399",3.9,"5,966 Ratings & 467 Reviews",
Itel Power 100 New,"₹1,315",4.2,729 Ratings & 48 Reviews,
"REDMI Note 9 (Pebble Grey, 64 GB)","₹11,990",4.3,"1,23,001 Ratings & 9,413 Reviews",
"realme C25_Y (Metal Grey, 64 GB)","₹10,999",4.5,"45,490 Ratings & 2,177 Reviews","₹12,999"
,,,,
,,,,
"vivo Y21T (Pearl White, 128 GB)","₹15,499",4.3,"1,449 Ratings & 104 Reviews","₹19,990"
"MOTOROLA G40 Fusion (Frosted Champagne, 64 GB)","₹14,499",4.2,"32,732 Ratings & 3,692 Reviews","₹16,999"
BlackZone B310,₹859,3.8,"3,258 Ratings & 260 Reviews",
ANGAGE A2163,₹768,3.8,113 Ratings & 24 Reviews,
Kechaoda K28,"₹1,490",4.1,"2,619 Ratings & 232 Reviews",
"Itel Vision2S (Gradation Purple, 32 GB)","₹5,650",4,916 Ratings & 91 Reviews,"₹6,376"
"realme GT 2 (Steel Black, 256 GB)","₹38,999",4.3,"1,056 Ratings & 140 Reviews","₹44,999"
"realme GT 2 (Paper White, 128 GB)","₹34,999",4.3,"4,771 Ratings & 634 Reviews","₹39,999"
"OPPO A12 (Flowing Silver, 32 GB)","₹9,990",4.4,"74,718 Ratings & 4,495 Reviews","₹10,990"
"realme Narzo 50 Pro 5G (Hyper Black, 128 GB)","₹22,990",,,
"realme C21 (Cross Blue, 32 GB)","₹9,499",4.4,"71,407 Ratings & 3,901 Reviews","₹9,999"
"POCO M3 Pro 5G (Cool Blue, 128 GB)","₹16,499",4.2,"51,734 Ratings & 4,394 Reviews","₹17,999"
"REDMI Note 9 (Pebble Grey, 64 GB)","₹11,990",4.3,"1,23,001 Ratings & 9,413 Reviews",
"Infinix Zero 5G (Cosmic Black, 128 GB)","₹17,999",4.2,"8,880 Ratings & 1,366 Reviews","₹24,999"
"Infinix Hot 11 (Emerald Green, 64 GB)","₹9,999",4.3,"15,802 Ratings & 1,359 Reviews","₹11,999"
MTR MT310,₹749,3.8,661 Ratings & 54 Reviews,₹779
"vivo Y12s (Glacier Blue, 32 GB)","₹13,990",4.3,"16,057 Ratings & 1,124 Reviews",
"APPLE iPhone 14 (Purple, 256 GB)","₹89,900",4.6,442 Ratings & 31 Reviews,
"realme GT 2 (Steel Black, 128 GB)","₹34,999",4.3,"4,771 Ratings & 634 Reviews","₹39,999"
"Itel Vision3 (Deep Ocean Black, 32 GB)","₹6,199",,,
Kechaoda K116,"₹1,399",3.9,"5,966 Ratings & 467 Reviews",
Itel Ace 2N,₹885,4.1,224 Ratings & 13 Reviews,
"realme 8 (Cyber Black, 128 GB)","₹16,999",4.4,"1,20,839 Ratings & 9,951 Reviews","₹17,999"
"SAMSUNG Galaxy A53 (Awesome Peach, 128 GB)","₹35,999",4.1,"1,108 Ratings & 124 Reviews","₹39,990"
,,,,
,,,,
"Infinix Zero 5G (Cosmic Black, 128 GB)","₹17,999",4.2,"8,880 Ratings & 1,366 Reviews","₹24,999"
"vivo Y21T (Pearl White, 128 GB)","₹15,499",4.3,"1,449 Ratings & 104 Reviews","₹19,990"
BlackZone B310,₹859,3.8,"3,258 Ratings & 260 Reviews",
ANGAGE A2163,₹768,3.8,113 Ratings & 24 Reviews,
"REDMI 9i (Nature Green, 64 GB)","₹8,999",4.3,"5,73,951 Ratings & 33,955 Reviews","₹9,999"
"realme GT 2 (Steel Black, 128 GB)","₹34,999",4.3,"4,771 Ratings & 634 Reviews","₹39,999"
"realme Narzo 30A (Laser Blue, 32 GB)","₹8,999",4.3,"1,30,445 Ratings & 9,504 Reviews","₹9,999"
"realme 8 (Cyber Black, 128 GB)","₹16,999",4.4,"1,20,839 Ratings & 9,951 Reviews","₹17,999"
"SAMSUNG Galaxy A73 5G (Awesome Mint, 256 GB)","₹44,999",4.2,"1,129 Ratings & 152 Reviews","₹49,990"
"MOTOROLA Edge 30 Ultra (Starlight White, 256 GB)","₹59,999",,,"₹74,999"
"APPLE iPhone 14 Plus (Blue, 256 GB)","₹99,900",4.5,171 Ratings & 17 Reviews,
"OPPO A55 (Starry Black, 64 GB)","₹14,490",4.2,648 Ratings & 62 Reviews,"₹18,990"
"REDMI Note 10T 5G (Chromium White, 128 GB)","₹16,999",4.2,"29,152 Ratings & 2,254 Reviews","₹18,999"
Cellecor E8,"₹1,469",3.7,9 Ratings & 0 Reviews,
"IQOO Z6 Pro 5G (Phantom Dusk, 128 GB)","₹23,790",4.2,136 Ratings & 10 Reviews,"₹24,990"
"REDMI 11 Prime 5G (Meadow Green, 128 GB)","₹15,999",4.2,85 Ratings & 9 Reviews,
Itel Power 410,"₹1,499",4.1,"1,547 Ratings & 149 Reviews",
Kechaoda K116,"₹1,399",3.9,"5,966 Ratings & 467 Reviews",
"REDMI 11 Prime 5G (Thunder Black, 64 GB)","₹13,167",4.2,488 Ratings & 35 Reviews,
Kechaoda K55 Pro,"₹1,279",4,461 Ratings & 31 Reviews,"₹1,399"
Itel Ace 2,₹949,4,568 Ratings & 56 Reviews,"₹1,299"
"OPPO Reno7 Pro 5G (Starlight Black, 256 GB)","₹34,999",4.3,"7,070 Ratings & 958 Reviews","₹47,990"
"OPPO Reno7 Pro 5G (Startrails Blue, 256 GB)","₹34,999",4.3,"7,070 Ratings & 958 Reviews","₹47,990"
"SAMSUNG M32 5G (Slate Black, 128 GB)","₹18,989",4.1,"3,762 Ratings & 282 Reviews",
,,,,
,,,,
"vivo Y12s (Glacier Blue, 32 GB)","₹13,990",4.3,"16,057 Ratings & 1,124 Reviews",
"realme Narzo 50A (Oxygen Green, 128 GB)","₹12,499",4.4,"3,35,533 Ratings & 21,991 Reviews","₹13,999"
Kechaoda K9,"₹1,499",4.1,"2,518 Ratings & 237 Reviews",
Kechaoda K9,"₹1,499",4.1,"2,518 Ratings & 237 Reviews",
BlackZone B310,₹859,3.8,"3,258 Ratings & 260 Reviews",
ANGAGE A2163,₹768,3.8,113 Ratings & 24 Reviews,
"MOTOROLA Edge 30 Ultra (Starlight White, 128 GB)","₹54,999",4.4,836 Ratings & 180 Reviews,"₹69,999"
"Xiaomi 11i Hypercharge 5G (Pacific Pearl, 128 GB)","₹26,999",4.2,"9,595 Ratings & 1,002 Reviews","₹31,999"
Kechaoda K16,"₹1,149",3.4,128 Ratings & 9 Reviews,
KARBONN K9 PUNCH,"₹1,479",,,
"Infinix Zero 5G (Skylight Orange, 128 GB)","₹17,999",4.2,"8,880 Ratings & 1,366 Reviews","₹24,999"
Kechaoda A20,₹999,3.8,92 Ratings & 4 Reviews,
"Itel A47 (Cosmic Purple, 32 GB)","₹5,289",4,614 Ratings & 50 Reviews,
LAVA A7 2020,"₹1,571",3.9,"1,286 Ratings & 117 Reviews","₹1,749"
MU M370,"₹1,290",4.1,984 Ratings & 60 Reviews,
"APPLE iPhone 14 Plus (Midnight, 128 GB)","₹89,900",4.5,171 Ratings & 17 Reviews,
"vivo Y21E (Diamond Glow, 64 GB)","₹11,980",4.3,236 Ratings & 16 Reviews,"₹12,440"
"APPLE iPhone 14 (Starlight, 128 GB)","₹79,900",4.6,442 Ratings & 31 Reviews,
"OPPO A55 (Mint Green, 64 GB)","₹14,490",4.2,648 Ratings & 62 Reviews,"₹18,990"
"Itel A27 (Crystal Blue, 32 GB)","₹5,299",4,588 Ratings & 42 Reviews,
"POCO C3 (Arctic Blue, 64 GB)","₹9,499",4.3,"3,04,950 Ratings & 18,490 Reviews","₹10,999"
Kechaoda K100,"₹1,090",4,125 Ratings & 10 Reviews,
DIZO Star 300,"₹1,449",3.9,"9,288 Ratings & 1,109 Reviews",
Kechaoda A18,"₹1,199",4,88 Ratings & 5 Reviews,
,,,,
,,,,
Snexian BOLD TRI,"₹1,099",3.6,42 Ratings & 6 Reviews,
"APPLE iPhone 14 Plus (Purple, 128 GB)","₹89,900",4.5,171 Ratings & 17 Reviews,
"realme GT Neo 3 (Nitro Blue, 128 GB)","₹36,999",4.1,798 Ratings & 129 Reviews,"₹38,999"
"REDMI Note 10 Pro (Dark Nebula, 128 GB)","₹17,999",4.3,"40,270 Ratings & 3,760 Reviews","₹19,999"
"SAMSUNG Galaxy A12 (Blue, 128 GB)","₹15,499",4.1,"1,271 Ratings & 94 Reviews","₹17,999"
"POCO F3 GT 5G (Gunmetal Silver, 128 GB)","₹28,999",4.3,"14,744 Ratings & 1,928 Reviews","₹34,999"
"Tecno Spark 8P (Turquoise Cyan, 64 GB)","₹9,999",4.3,4 Ratings & 1 Reviews,"₹13,999"
"SAMSUNG Galaxy A53 (Awesome Peach, 128 GB)","₹35,999",4.1,"1,108 Ratings & 124 Reviews","₹39,990"
Itel it5026,"₹1,307",4,976 Ratings & 94 Reviews,
SAREGAMA Carvaan Mobile M11(CM181) with 1500 pre-loaded songs,"₹1,990",3.8,48 Ratings & 4 Reviews,
"Itel A27 (Crystal Blue, 32 GB)","₹5,299",4,588 Ratings & 42 Reviews,
Kechaoda K33 Rock,"₹1,249",4.8,9 Ratings & 0 Reviews,
Kechaoda K55 Pro,"₹1,280",4,461 Ratings & 31 Reviews,
"APPLE iPhone 14 (Starlight, 256 GB)","₹89,900",4.6,442 Ratings & 31 Reviews,
"realme Narzo 50i (Mint Green, 32 GB)","₹7,499",4.5,"1,20,026 Ratings & 4,789 Reviews","₹7,999"
"OPPO A54 (Moonlight Gold, 128 GB)","₹15,990",4.3,"3,939 Ratings & 225 Reviews","₹17,990"
"Redmi 8 (Emerald Green, 64 GB)","₹10,999",4.4,"9,41,020 Ratings & 67,094 Reviews",
"realme Narzo 50i (Carbon Black, 32 GB)","₹7,499",4.5,"1,20,026 Ratings & 4,789 Reviews","₹7,999"
"vivo V25 Pro 5G (Sailing Blue, 128 GB)","₹35,999",4.3,"4,929 Ratings & 703 Reviews","₹39,999"
"SAMSUNG Galaxy A13 (Green, 64 GB)","₹14,499",4.1,560 Ratings & 42 Reviews,"₹18,490"
"REDMI 11 Prime 5G (Thunder Black, 128 GB)","₹15,999",4.2,85 Ratings & 9 Reviews,
"SAMSUNG M32 5G (Slate Black, 128 GB)","₹18,989",4.1,"3,762 Ratings & 282 Reviews",
Nokia 6310,"₹3,499",3.9,"2,000 Ratings & 166 Reviews","₹4,499"
"APPLE iPhone 14 Plus (Blue, 128 GB)","₹89,900",4.5,171 Ratings & 17 Reviews,
,,,,
,,,,
"REDMI 11 Prime (FlashyBlack, 128 GB)","₹15,999",5,3 Ratings & 0 Reviews,"₹16,490"
"REDMI 11 Prime (Playful Green, 128 GB)","₹15,989",5,3 Ratings & 0 Reviews,"₹15,990"
"REDMI Note 10S (Shadow Black, 64 GB)","₹14,999",4.4,"80,663 Ratings & 5,471 Reviews","₹16,999"
"APPLE iPhone 14 Plus (Blue, 256 GB)","₹99,900",4.5,171 Ratings & 17 Reviews,
Cellecor E3,"₹1,179",3.2,10 Ratings & 2 Reviews,
LAVA A1 Super 2021,"₹1,199",4,"1,877 Ratings & 148 Reviews","₹1,340"
"Itel A26 (GRADATION GREEN, 32 GB)","₹5,489",3.9,450 Ratings & 39 Reviews,"₹5,490"
Kechaoda K115 PRO,"₹1,198",4.1,58 Ratings & 4 Reviews,
"Itel A26 (Light Purple, 32 GB)","₹5,489",3.9,450 Ratings & 39 Reviews,"₹5,590"
"realme GT NEO 2 (NEO Green, 128 GB)","₹31,999",4.4,"18,062 Ratings & 2,463 Reviews","₹34,999"
"realme GT NEO 2 (NEO Black, 256 GB)","₹35,999",4.4,"4,343 Ratings & 622 Reviews","₹38,999"
KARBONN K31 Star,"₹1,290",4.1,56 Ratings & 3 Reviews,"₹1,299"
"vivo Y20G 2021 (Obsidian Black, 64 GB)","₹13,990",4.3,"6,135 Ratings & 429 Reviews","₹16,990"
"SAMSUNG Galaxy A23 (Blue, 128 GB)","₹19,499",4.2,629 Ratings & 45 Reviews,"₹23,990"
Snexian BOLD 100,"₹1,099",,,
"LAVA Blaze (Glass Blue, 64 GB)","₹8,699",4,834 Ratings & 294 Reviews,"₹9,699"
"Itel Vision2S (Gradation Blue, 32 GB)","₹6,298",4,916 Ratings & 91 Reviews,"₹6,299"
"realme 8 (Cyber Silver, 128 GB)","₹17,999",4.4,"95,036 Ratings & 8,358 Reviews","₹18,999"
Muphone MU M360,"₹1,199",4.1,117 Ratings & 7 Reviews,
"OPPO A15 (Mystery Blue, 32 GB)","₹10,990",4.3,"2,022 Ratings & 114 Reviews","₹12,990"
"POCO F4 5G (Nebula Green, 128 GB)","₹27,999",4.3,"10,725 Ratings & 1,533 Reviews","₹32,999"
"REDMI Note 11 Pro (Star blue, 128 GB)","₹18,499",4.1,855 Ratings & 71 Reviews,"₹19,799"
Kechaoda K02,"₹1,199",4.7,3 Ratings & 0 Reviews,
"IQOO 9 SE 5G (Space Fusion, 256 GB)","₹37,499",4.5,18 Ratings & 0 Reviews,
,,,,
,,,,
